agent_id,month,call_volume,avg_handle_time,first_call_resolution,csat_score,quality_score,transfer_rate,repeat_call_rate,incentive_payout,incentive_tier
A001,1,435,479.82870768889296,0.6479045677338127,3.5128186478900023,53.832015669403305,0.08434451119533475,0.24785890653706935,0.0,Bronze
A002,1,447,489.51564444768366,0.5888056187765952,3.6167131138190953,45.132025079773804,0.07968742556675604,0.25702189394712843,0.0,Bronze
A003,1,566,472.4392308508883,0.4164125731497132,2.878027466386073,39.1411174023024,0.08042967091506048,0.3694509204943309,0.0,Bronze
A004,1,451,567.919031837867,0.5454741777782628,3.6949211210705424,44.548357817553864,0.02,0.28602112498413623,0.0,Bronze
A005,1,532,395.9527728750797,0.5889328704786948,3.748605516334768,43.1136048840493,0.1232229888257716,0.20541476070090753,150.0,Silver
A006,1,648,307.7819067350464,0.4741247036579717,2.950272067747141,46.07195422759122,0.21273268872958623,0.2768345246856012,350.0,Gold
A007,1,407,521.0331744406084,0.6378346831022123,3.612682242076326,53.90065018274264,0.02,0.23929075419333265,0.0,Bronze
A008,1,555,425.9068639845814,0.5147891265207469,3.3526512097643093,39.827030495663074,0.1314278704390563,0.3033843188866679,150.0,Silver
A009,1,615,392.52438279206444,0.46955239979763375,3.000428899914377,35.095810659276964,0.19328912777247464,0.3104813854139496,150.0,Silver
A010,1,640,402.0104722399449,0.480901077797673,3.1278052852153926,31.852745784459707,0.22754920335525902,0.3442086925747407,350.0,Gold
A011,1,415,515.840872119476,0.5796459791049489,3.5097864747814826,51.405640398672475,0.04881317291799212,0.20960855243686174,0.0,Bronze
A012,1,505,517.0911960405814,0.6627085027180449,3.4889465582020542,54.29965071234838,0.1028786547432945,0.2392242370079368,0.0,Bronze
A013,1,562,456.5504767707864,0.6552391851558369,3.7110272404822333,45.58412886184785,0.11869437867430951,0.18336494917605062,0.0,Bronze
A014,1,442,516.9626500728956,0.7026287070702537,3.806583790963949,56.09082813616555,0.02,0.24173988603642355,0.0,Bronze
A015,1,474,521.4166633629075,0.5162382670805434,3.2175741533084783,38.10434882617629,0.13766770202228204,0.2906709317345225,0.0,Bronze
A016,1,531,430.18593256287636,0.5222871224953001,3.4909778814330097,42.59291146053793,0.1335240411503584,0.3036734501626035,150.0,Silver
A017,1,552,491.0319857740053,0.4468038464456599,2.887715543168943,38.02632524209868,0.17051261460965414,0.295361972604043,0.0,Bronze
A018,1,500,473.1242661263672,0.5860928653747871,3.624554186211988,53.909940412369934,0.22371395497112959,0.3039468017998177,0.0,Bronze
A019,1,469,504.8713772274728,0.6610612683753284,3.747977054395267,62.41878142724454,0.02,0.26682723257163415,0.0,Bronze
A020,1,451,524.3587596683175,0.5920543669127132,3.4602752098158756,34.2297726324143,0.11522642283331108,0.2806845823252714,0.0,Bronze
A021,1,600,381.7846429809611,0.576272134896493,3.529257324063944,48.66707252064794,0.13850460341572085,0.2656056286354996,150.0,Silver
A022,1,568,465.26309108048156,0.44639042607316914,3.127891428191291,46.04719673024459,0.16804008703456066,0.33883954812958633,0.0,Bronze
A023,1,665,406.1685081556722,0.5357682898700132,3.3817060519042053,41.61852498914162,0.19307302082774885,0.2644859070123742,350.0,Gold
A024,1,414,505.6810152582148,0.550815780792009,3.5634052008154162,53.47117645737379,0.04363134590159155,0.30534035745381777,0.0,Bronze
A025,1,543,447.59678886101705,0.5669092671037969,3.39602122632168,59.93745267280957,0.07902226097375696,0.32272071998819885,0.0,Bronze
A026,1,621,445.7475047727231,0.5399017187360929,3.267339129605226,49.52995579201961,0.1739995851588106,0.3161576293049384,0.0,Bronze
A027,1,628,366.39882389571034,0.5796558432573868,3.2274567940321472,41.93188500444473,0.13968763989907562,0.24624958860282298,150.0,Silver
A028,1,710,422.345438136233,0.53097038857464,3.1257818590211346,35.00935734273701,0.2694521254870989,0.2984543640883371,350.0,Gold
A029,1,368,495.9281554493879,0.6997885344878966,4.334674252255458,60.25105042107245,0.02,0.1812903398920819,75.0,Bronze
A030,1,599,427.59423697625107,0.46029872923966514,3.259851689623283,35.24380923356915,0.16616349324698831,0.33305221763940424,150.0,Silver
A031,1,588,363.86825188315964,0.7555534774674258,3.8236205894766413,64.3988529760403,0.10301453744281351,0.2112967113989058,225.0,Silver
A032,1,706,362.5154266239176,0.5842680309555854,3.26217675668797,56.33767783093072,0.24023959133127504,0.2101982974318009,350.0,Gold
A033,1,501,488.76539108134506,0.6369843269658153,3.7705547982649525,52.03839132470279,0.03304682915286193,0.21035275389630298,0.0,Bronze
A034,1,529,509.39449262993924,0.6150114942383043,3.657696273789102,49.84950697154181,0.1024361445933779,0.2455012354023653,0.0,Bronze
A035,1,577,453.43422412927936,0.5115032933365771,3.33267662318353,42.704043035562336,0.12560636470107087,0.2863728902511444,0.0,Bronze
A036,1,510,455.6884308636219,0.5947228484041838,3.474187895436363,40.31126732428471,0.11854590479610519,0.22582655257576228,0.0,Bronze
A037,1,628,392.53053892401414,0.5080128768909632,3.1920184550007025,40.673468391191214,0.2373420185574762,0.3084642111241802,150.0,Silver
A038,1,622,371.0684820111128,0.6476624212802368,3.6849020886789763,38.831071842874536,0.2220529794192854,0.24847923975612066,150.0,Silver
A039,1,542,447.96331608138695,0.5036622991020608,3.2065090412948796,37.81681889665043,0.15991176809343602,0.29270700639982006,0.0,Bronze
A040,1,675,326.55102291036167,0.49367187587163797,2.816527953491706,48.310556209054525,0.22974418090414678,0.2798575046465939,350.0,Gold
A041,1,533,383.804746916962,0.5232954783194533,3.2125464934269043,41.36449517714931,0.1291037353819174,0.32214302246471554,150.0,Silver
A042,1,590,410.65579769630045,0.4772657978808543,3.022944821671747,44.34782703721042,0.20196491315667717,0.3587558942403071,150.0,Silver
A043,1,454,529.5132703901202,0.6945317427561386,3.9498048808731077,68.9072944079974,0.054484439291641144,0.20768045838214846,0.0,Bronze
A044,1,594,456.72611111604664,0.6082351737522814,4.019343652017349,45.44409165659087,0.1570852260888046,0.2383409229844428,75.0,Bronze
A045,1,601,382.5046315430777,0.629099165791328,3.6748563862608803,48.844258478873755,0.14624146018835366,0.26309656364582873,150.0,Silver
A046,1,495,495.6503883551632,0.5668264188605175,3.3616048305677197,45.020543806197665,0.11453724145533384,0.26252855106338335,0.0,Bronze
A047,1,610,453.45780942134235,0.57868518508301,3.603893853391359,55.12055354492312,0.1316095003462906,0.26434400994689894,0.0,Bronze
A048,1,578,425.5765494695143,0.5836319764214517,3.5623076301921426,48.81934265037715,0.15822178684181928,0.28873680398315943,150.0,Silver
A049,1,395,467.2814308816714,0.5379837316348048,3.415874036733199,51.51998114225604,0.08202046677698285,0.22752582472085925,0.0,Bronze
A050,1,629,411.7564169230626,0.6553633717049576,3.8158663397573664,62.08467181566864,0.15783717843699638,0.277403721063597,150.0,Silver
A051,1,642,429.0148055595657,0.5792780096381902,3.7844903434193498,44.160241091683396,0.20257781745698142,0.27046921187460415,350.0,Gold
A052,1,602,472.1107618271232,0.6091319170346442,3.4178623154839953,46.79840156969421,0.1461732314297841,0.24400243884927686,0.0,Bronze
A053,1,543,443.90808436679885,0.5356190800643079,3.4162613476395824,51.59950826087178,0.17174972927615814,0.28307534334763335,0.0,Bronze
A054,1,742,335.0850123147746,0.4943009999594198,3.0208745982788514,51.33610764898549,0.21668999627673732,0.3011524806668477,350.0,Gold
A055,1,450,526.2822931588851,0.5130141607789754,3.418901146305567,50.493827732916245,0.05182047597594247,0.24285829658506208,0.0,Bronze
A056,1,539,486.76432434809425,0.46870596020954974,2.9889851713423004,31.141522252640904,0.17964911641127965,0.35736576273977716,0.0,Bronze
A057,1,808,326.74101290931236,0.510680840042724,3.121607437693685,50.25418843972567,0.26364363801343693,0.29696743295102895,350.0,Gold
A058,1,451,467.6294625153525,0.6058392550457767,3.510276283565828,44.864836611139765,0.1399517468628984,0.2709543618951106,0.0,Bronze
A059,1,528,477.82600898756,0.5485404944053601,3.524650421031071,40.76322500139571,0.10370778002168358,0.30913029535507724,0.0,Bronze
A060,1,673,422.9928100801902,0.5729934014783957,3.5927049335858157,47.973073865516334,0.17848400494332592,0.24016776568183268,350.0,Gold
A061,1,642,374.11969066570157,0.532410154896876,3.097876204259074,52.85710618304029,0.1130628225341066,0.3012400950123065,350.0,Gold
A062,1,607,363.83988942938095,0.5487718194172854,3.3605565814719403,54.74939772342272,0.13390458014284704,0.272462039506122,150.0,Silver
A063,1,463,515.7928363595565,0.6362391201814174,3.5722691795385533,51.25110057148281,0.09931220275804517,0.2709074751839278,0.0,Bronze
A064,1,649,369.5481217406011,0.5860183014042218,3.2923139409804687,54.12305352641292,0.1582503570999222,0.20177585682776636,350.0,Gold
A065,1,725,345.48866036933885,0.5344447934033923,3.252338093660478,44.28501423068819,0.24088978248502219,0.28324925363140496,350.0,Gold
A066,1,542,455.89370504851024,0.5581318736237414,3.367988466398196,48.63685002244104,0.12452534805462044,0.2586626308769846,0.0,Bronze
A067,1,664,393.1778424566353,0.4,3.243604862420282,25.0,0.21647772374887075,0.3529678885190246,350.0,Gold
A068,1,515,506.5758317247836,0.628591796435383,3.7302750384427164,47.63225401006732,0.07368041691233368,0.2626646070468928,0.0,Bronze
A069,1,536,420.73658989448097,0.536789383424186,3.108525411626239,46.17188392690998,0.12008024674952814,0.2640554697856648,150.0,Silver
A070,1,461,465.36081042064154,0.6545587884040457,3.6734043351433763,54.96374643329838,0.02,0.21681126871310039,0.0,Bronze
A071,1,638,402.5451108390198,0.6090929282991382,3.7147021157771922,54.01653740441016,0.13608480590899608,0.2530428676236248,350.0,Gold
A072,1,678,326.86156863105373,0.43589131674411613,3.252553690376861,34.97684663583757,0.17339368128419758,0.2987442064828973,350.0,Gold
A073,1,505,443.89889820818354,0.5786343390534339,3.206140345852466,51.293130936152515,0.17784358864059335,0.29380577524219026,0.0,Bronze
A074,1,685,443.7020441976691,0.5173717244308238,2.990083310878769,47.010882558191724,0.22048461143365056,0.2819750942142471,200.0,Silver
A075,1,505,463.00110315236475,0.5898447159548252,3.7861124963715227,43.733747467084186,0.13262453237526134,0.1768524670384206,0.0,Bronze
A076,1,620,390.4130872689191,0.5234042322046893,3.370281823880118,49.99777880810195,0.2094865418599445,0.27939364541947004,150.0,Silver
A077,1,566,397.93606225328466,0.5478950325639327,3.180659194279604,39.418379592624134,0.13349272378051288,0.24968567234910774,150.0,Silver
A078,1,453,525.6805798482278,0.5903997807304817,3.607895892162261,43.21235475096008,0.10889102096807796,0.21490181324397895,0.0,Bronze
A079,1,424,478.8611566086366,0.5648806311715678,3.0504120403651465,48.23912274931276,0.12050235980920382,0.23692494838469566,0.0,Bronze
A080,1,625,453.49907292160475,0.5581768885084257,3.408375780601572,42.06307078256243,0.11175620992505814,0.28001149875161885,0.0,Bronze
A081,1,585,485.4881892307827,0.5347955514751053,3.4263493073539113,40.95608921849109,0.16279103842646672,0.3259410042574048,0.0,Bronze
A082,1,622,412.9612406103159,0.6212744680928763,3.753726642068947,56.71512867160864,0.11048160717911182,0.26088574697879885,150.0,Silver
A083,1,432,497.3252199527762,0.5164808758256039,3.145079168546416,47.643746289154116,0.04582432774902609,0.2752125480232862,0.0,Bronze
A084,1,463,507.67395197721095,0.605645159828739,3.6437687513599117,52.80289575462692,0.03215012098044451,0.27141906192362547,0.0,Bronze
A085,1,556,485.2040434841772,0.4149909540923614,2.836324212337016,40.09222061556942,0.13387327772880586,0.32023090905648566,0.0,Bronze
A086,1,686,403.18811961087636,0.6047250521888029,3.5776066579894215,44.77124145472693,0.15364065371467084,0.23727196804958453,350.0,Gold
A087,1,639,429.10472268167615,0.6429677479829774,3.5968668053492143,61.91452214038551,0.16662046912424155,0.20818202075981948,350.0,Gold
A088,1,470,483.8277280499669,0.5787584927359603,3.377883195657796,43.574193718501704,0.09361224122999053,0.21594173870306432,0.0,Bronze
A089,1,412,515.7266339810055,0.5698638833399737,3.314035153180944,45.273771349899945,0.07038460182489219,0.2603567354672271,0.0,Bronze
A090,1,516,426.35308428798083,0.5312262623335324,3.4337096691838065,52.922866207280855,0.08379355165484875,0.29225109976419095,150.0,Silver
A091,1,570,437.29523784618016,0.4545230540939139,3.1923655406264833,34.481599656833865,0.11033464643876792,0.31529206826198775,150.0,Silver
A092,1,718,371.13340811145036,0.6409478890232736,3.5826042548608035,46.74371108755985,0.20346804747362268,0.23114183655226977,350.0,Gold
A093,1,471,524.4862138543954,0.6744942056558193,3.8686192170333253,60.27535077597707,0.02,0.20182993591676882,0.0,Bronze
A094,1,575,376.24714378477876,0.4801148741205531,2.9181073425583435,38.526297945369336,0.19603084266471268,0.3262014361023278,150.0,Silver
A095,1,552,456.73069096618565,0.5355919900660843,3.284998061667403,41.945083847532494,0.08601947623089345,0.2462492463751687,0.0,Bronze
A096,1,692,364.39149419220735,0.5368893180629072,3.297415322352594,37.140543180569864,0.2630177062328795,0.30852511019014134,350.0,Gold
A097,1,614,389.8587893010212,0.543870028344357,3.693460553655945,37.42113196195217,0.20534881918436484,0.25238547809445544,150.0,Silver
A098,1,609,468.27699604499196,0.5871079171576358,3.339649953095229,42.05637111914348,0.1756342846213424,0.24258377601635467,0.0,Bronze
A099,1,704,326.60304922592434,0.49119804099399045,3.343639686799388,40.252621446778285,0.24149422240843393,0.2595172278839335,350.0,Gold
A100,1,550,468.676930137951,0.5526837894348856,3.579190210132976,49.325573592789496,0.07667231484823929,0.26388441981947663,0.0,Bronze
A101,1,683,412.77902862517686,0.4712509177245075,3.180564275402286,40.11412700093059,0.24173819117847953,0.34075900666453635,350.0,Gold
A102,1,576,434.0338663627586,0.6306712464026732,3.8971147165479105,53.60047788683156,0.12868773471830375,0.2632003440922494,150.0,Silver
A103,1,608,402.3663310627526,0.41021554325839305,2.9605474533947818,37.98051084970643,0.21369640264051282,0.3652664460574838,150.0,Silver
A104,1,651,340.9854118383438,0.5721836244323343,3.4620247055999944,44.62005869925575,0.23729626490148326,0.28679082660508437,350.0,Gold
A105,1,397,525.1568684241513,0.6577345356870561,3.756070220999738,47.63925605634347,0.059902061346842755,0.2037960908692665,0.0,Bronze
A106,1,672,439.31901234825824,0.461433211092407,3.2795555309192106,31.22083098082201,0.21216015336407484,0.30550303883321045,350.0,Gold
A107,1,698,318.20653992050086,0.44853694757071677,3.123901256267729,32.51067062783041,0.16981618894497255,0.2971792470981894,350.0,Gold
A108,1,665,427.79799091092974,0.5208550647635947,3.22111924585498,45.22456832025913,0.14984478799450732,0.33157522121573335,350.0,Gold
A109,1,482,468.2655586699841,0.559626611032412,3.2105997574511416,42.03412010894238,0.07738787287249568,0.2402456961942459,0.0,Bronze
A110,1,503,480.7235107157111,0.5598785008362418,3.411009910029957,42.23023519636362,0.09126582748538284,0.3028595303471766,0.0,Bronze
A111,1,510,463.6609685955042,0.5339976587217459,3.1744212773458487,34.32859790709497,0.10735235858318226,0.31318955261456466,0.0,Bronze
A112,1,579,471.60613996096043,0.5150854545219068,3.237506264543097,36.01278195229494,0.23672691432931825,0.34885442424271984,0.0,Bronze
A113,1,548,417.3584986083226,0.49414513538149163,3.3956503992515317,50.901027949962184,0.15516192509672122,0.29005134806851846,150.0,Silver
A114,1,689,402.0392524785901,0.4,2.8126928613633595,30.6392478443473,0.2401183386866392,0.36136966478740484,350.0,Gold
A115,1,448,590.1784252826317,0.5909001850856391,3.636892341517081,54.210442597269825,0.031610242422538355,0.33208948106190966,0.0,Bronze
A116,1,557,417.4526945508111,0.5529268810653475,3.380991643176043,42.42513459889611,0.1118652759935953,0.26029999726585007,150.0,Silver
A117,1,477,508.29961426224116,0.5911914106635314,3.6753901743615427,48.81395804460139,0.048067416456691055,0.21747222830861662,0.0,Bronze
A118,1,736,339.2601914320404,0.4,2.5196037188515894,32.21444318501652,0.236385448253862,0.28359969898276705,350.0,Gold
A119,1,600,434.4019903857206,0.4790670224298636,3.0696372527440303,44.28666266290612,0.174951840773266,0.32975455189389447,150.0,Silver
A120,1,555,420.83160878292136,0.5601409245348563,3.467260050243529,43.380853927788635,0.09215159348998725,0.2194491239443,150.0,Silver
A121,1,479,464.1510411680609,0.6302972908361008,3.8383179799223437,52.74079652488735,0.08186105128943441,0.23671151207742197,0.0,Bronze
A122,1,591,420.5035312698508,0.55711977073334,3.3301273392306086,48.67148947301256,0.15442518362000068,0.2902714873178328,150.0,Silver
A123,1,436,558.3507416693154,0.5931223800764716,3.331736513287449,53.654340657731375,0.02,0.2683063140743088,0.0,Bronze
A124,1,580,424.0784806548671,0.5320882223971617,3.4031722299641167,57.126569073177,0.12697905138109547,0.2999280569666605,150.0,Silver
A125,1,658,399.6626130822464,0.42203359794647916,2.8475111510327245,34.892910278158574,0.2185943960857963,0.3378552564954339,350.0,Gold
A126,1,688,312.0349445370561,0.5259137417389511,3.062727019082046,40.974624295601366,0.26313710614908625,0.32800047770382135,350.0,Gold
A127,1,437,454.19075231352855,0.6781342550828728,3.665196947483173,49.28348748833298,0.10599925687975033,0.20017680654468695,0.0,Bronze
A128,1,684,388.684285643407,0.5469507947539523,3.2836054776333157,29.179424629522444,0.17617370398273985,0.26090982794466316,350.0,Gold
A129,1,411,578.4110344223336,0.5749867751473333,3.48323909309673,53.26526683520971,0.049854205231566535,0.24682550658294194,0.0,Bronze
A130,1,521,455.1687562396656,0.6302992035632725,3.3225001773206104,48.452372432656084,0.06283898394470278,0.27278607293056933,0.0,Bronze
A131,1,507,493.6902903180824,0.5494930069955839,3.4955935877691995,42.62872777871285,0.14773136278681578,0.3072147548536183,0.0,Bronze
A132,1,432,545.4099540747634,0.5595602267576757,3.663034218636923,45.53669267099096,0.03129747235752639,0.28971266887648495,0.0,Bronze
A133,1,578,375.63059699868523,0.5051381183738738,3.254413945470095,34.7397018704536,0.1928517935044651,0.3334495626571483,150.0,Silver
A134,1,662,363.44225770392075,0.7331727123467522,3.7485067357954645,53.03809331780052,0.21411897776290972,0.17138968904000768,350.0,Gold
A135,1,643,392.71741701916596,0.5270831489332541,3.295911073907466,58.813005564182355,0.1410522988789092,0.33918346377323244,350.0,Gold
A136,1,585,403.29525919507313,0.4754864645534785,3.1122017503363573,37.18583702967687,0.13844072558989295,0.3555025728299764,150.0,Silver
A137,1,617,416.57791077460286,0.557847370829087,3.4435270443370434,48.6518139360104,0.14949756569447795,0.29892971158573756,150.0,Silver
A138,1,714,345.196573088285,0.5355054703822951,3.3922078396683313,48.76235466883357,0.2530083454521459,0.33925177911021376,350.0,Gold
A139,1,510,458.6399719173176,0.5795725549557829,3.3590153017832645,48.27439231205436,0.0663938936104975,0.21847228178735364,0.0,Bronze
A140,1,543,424.9544623412406,0.503195192437997,3.2053155652090717,38.4264484856172,0.09535947591156521,0.2829884789369216,150.0,Silver
A141,1,514,548.2694355819449,0.5855236858317172,3.6303439622034186,49.43739284596169,0.08207409719626821,0.24373142184685453,0.0,Bronze
A142,1,614,387.5762530300389,0.4099290321994843,3.1272763470758247,26.32179036504525,0.2242047291640939,0.3576727668329266,150.0,Silver
A143,1,648,385.87172638883374,0.5157468170267687,3.3178149131329215,36.21498538254387,0.23648561262723222,0.26219705100122814,350.0,Gold
A144,1,605,388.2084610495106,0.6557815262979994,3.811109468549662,58.66977838997674,0.11780649527265401,0.2604122439609248,150.0,Silver
A145,1,678,389.207460357336,0.7309976630709438,3.9839219034062245,64.29693323073414,0.11531651101930919,0.24871701909152386,350.0,Gold
A146,1,503,460.5528596962336,0.48827018113741166,3.386762518386128,31.057798170136447,0.17889753602565386,0.32554801454755533,0.0,Bronze
A147,1,513,390.8933753626843,0.5148810855049373,3.33090945131469,48.572266284987236,0.09349098768561401,0.3025600965078701,150.0,Silver
A148,1,419,582.9798515519904,0.5839252597401295,3.42388185574082,53.499452383513585,0.04722335699210929,0.2367936958769257,0.0,Bronze
A149,1,658,465.3658054667658,0.5153176615619491,3.4848596838685917,45.37991193010438,0.18015360696443303,0.2684674063914594,200.0,Silver
A150,1,754,324.8576214708149,0.5122965503910494,3.298848531943021,41.63356551398954,0.24070849800185665,0.3325699470024802,350.0,Gold
A151,1,545,396.975745715115,0.629573802406867,3.5193760440385695,54.35203843466394,0.0981035856839918,0.2715509491544132,150.0,Silver
A152,1,580,446.442342184554,0.5452819277652731,3.3239876863322295,46.77457464517869,0.1468373922272569,0.2807166433125644,0.0,Bronze
A153,1,569,423.09076309840174,0.6283902141697195,3.672493691308967,45.1062894231364,0.031692421937130275,0.23610662795913548,150.0,Silver
A154,1,474,496.4024598686605,0.5814029966771084,3.610445598303676,48.109962051884025,0.066957175454403,0.20666456513581535,0.0,Bronze
A155,1,658,337.5653569063455,0.4791791127173757,3.106077427222865,46.43077889443472,0.2104502657759631,0.27620278235251655,350.0,Gold
A156,1,540,500.6755318710119,0.5200598275092697,3.356267549737434,39.66504178451296,0.09805802978483581,0.3493186416104838,0.0,Bronze
A157,1,680,353.7337841267789,0.5152552012552383,3.4631074572844343,40.304171876056024,0.19342574445456065,0.2554842523678307,350.0,Gold
A158,1,657,458.2997851478609,0.5162772366457954,3.453563895408554,42.465135991247905,0.15995175888367857,0.2991734999783142,200.0,Silver
A159,1,461,494.758734105866,0.7570265943242442,4.112015776712772,73.26245964312716,0.020100324149866455,0.22741268146615823,150.0,Silver
A160,1,479,442.3173918921304,0.7003837888232507,4.0055101484412425,67.00446967861747,0.07125497925099106,0.18219880443063094,225.0,Silver
A161,1,582,426.93716126720204,0.45975374618319076,2.9187002881538078,48.52361187303974,0.1388240021489606,0.3216398157701562,150.0,Silver
A162,1,517,455.74722849660077,0.4965455199813318,3.311316958438636,46.098731379573344,0.13084221202014873,0.32951925813278693,0.0,Bronze
A163,1,500,475.7271362901757,0.6098851914360657,3.828044077128881,45.330211467152765,0.1368309293137646,0.25642090308279125,0.0,Bronze
A164,1,563,447.107056081775,0.6366172993232914,3.6140939589757606,40.82079584489514,0.14074334861879878,0.33140517194068647,0.0,Bronze
A165,1,485,534.8671087724466,0.5481519383852809,3.3455000284021352,59.17195953515122,0.07021283521059654,0.23068124687954178,0.0,Bronze
A166,1,478,453.6207551716302,0.6039967644694335,3.432966550028465,41.243219005969834,0.09171692949529127,0.29016315010874294,0.0,Bronze
A167,1,579,456.49862066228957,0.5636578772158468,3.303618973043063,51.372434593514484,0.1677073996990552,0.26935279699176734,0.0,Bronze
A168,1,444,537.1417859002134,0.662667278069099,3.6704341977709407,48.50793347457721,0.02,0.25809069341746066,0.0,Bronze
A169,1,523,428.87863583828045,0.6322440456532592,3.5939252306534577,52.54770097279785,0.12485325869922809,0.2603415962896737,150.0,Silver
A170,1,577,402.2116618843612,0.4817011213729346,2.9070554230006573,33.91444663561626,0.15288594949920514,0.28532486553752623,150.0,Silver
A171,1,689,358.0036082354396,0.4180994670761571,2.9182884776665294,32.502599086345406,0.24651125592345832,0.3396301049433174,350.0,Gold
A172,1,562,463.8782940901072,0.5709305896073072,3.6337234421263123,50.23051550687446,0.15057289705313717,0.2158907206151285,0.0,Bronze
A173,1,741,329.2225616457956,0.5565500757674988,3.229585010037164,46.860564251601545,0.16644730343025135,0.2954773947101423,350.0,Gold
A174,1,450,550.5942017150784,0.5109065754075233,3.5460100944683224,46.0082730236945,0.07872139384689601,0.30458212381670646,0.0,Bronze
A175,1,626,339.3849731632438,0.5423416694606303,3.3864888398634476,42.54790373184536,0.1652197128829721,0.3022231372750409,150.0,Silver
A176,1,549,440.61102186292874,0.5615776654010746,3.5855883978058145,50.09886736475402,0.10145035116872082,0.3071124835921847,150.0,Silver
A177,1,432,447.90058967959163,0.7503076368785412,3.906017642031033,65.11352042856316,0.10623505752627527,0.21090554045487483,75.0,Bronze
A178,1,470,498.9109402144655,0.639693646557646,3.7914656508971154,43.07710600501585,0.07428425058005177,0.24856522397088984,0.0,Bronze
A179,1,636,405.69350136988805,0.5235209117985081,3.150543047337667,45.020643602456666,0.1583001981049374,0.26415958518075794,150.0,Silver
A180,1,664,380.61006985429555,0.532556580747426,3.4251926324719,43.096370363085384,0.18555939703656565,0.2656107447915581,350.0,Gold
A181,1,666,293.86860442406214,0.6087549613754017,3.499127194706428,55.91693067395392,0.13944548186349193,0.2921000540551592,350.0,Gold
A182,1,551,466.6735220925174,0.5310144932212214,3.3978780388821295,41.5588881584,0.1276171961647043,0.33068426488269076,0.0,Bronze
A183,1,543,482.6826699123289,0.5826549393745284,3.331325201191534,45.067852155169035,0.11655346723936874,0.25979471116082703,0.0,Bronze
A184,1,608,418.84412182729926,0.5943886820482415,3.372482077044076,49.59970329519536,0.1483796112309754,0.26362460959830164,150.0,Silver
A185,1,434,567.4347466962016,0.6215226965198211,3.7678519425315256,44.73407038110757,0.04746620517075932,0.22425249014225856,0.0,Bronze
A186,1,546,421.5687742596062,0.4904427654004653,3.0425209874969363,47.2274600767875,0.11756736824308511,0.33900559919783724,150.0,Silver
A187,1,545,492.6353037926699,0.5067376600952302,3.307454635115649,37.77676577625822,0.1023370700954206,0.3172674406726612,0.0,Bronze
A188,1,545,471.38975200075276,0.612901035099057,3.4035433718738792,48.86863992868195,0.1337803744037938,0.3130761090542896,0.0,Bronze
A189,1,537,360.2412199168706,0.48944274691480905,3.2678846434560507,38.6678261160577,0.22103191520495863,0.27787320891868417,150.0,Silver
A190,1,466,502.4511863741875,0.6241465876124095,3.4833910247663136,50.02861043031186,0.06522499894855623,0.23900112798448972,0.0,Bronze
A191,1,771,305.83432352053893,0.6362051132208181,3.6740391050343906,55.49343965102057,0.21236331270149716,0.25246133238743995,350.0,Gold
A192,1,692,374.64952594863956,0.49500703458499035,3.2732363549988674,48.98572905389531,0.21791821160842878,0.321391872297777,350.0,Gold
A193,1,634,423.12501767560445,0.5873317062726787,3.379322770370849,43.12629825553294,0.11868552764661022,0.2585972883644995,150.0,Silver
A194,1,468,505.25970852131525,0.7326918877558479,4.051835194599127,56.524610084999026,0.09534143629717245,0.18073441218404984,75.0,Bronze
A195,1,685,329.79214715259053,0.5895589902256941,3.5177548917531043,43.932071833126265,0.18328003309920848,0.2906186297774294,350.0,Gold
A196,1,507,483.1942753834374,0.5054968438971829,3.2017670644807095,43.79448866051672,0.14968816432003762,0.31943532331749425,0.0,Bronze
A197,1,707,309.59056001060924,0.4982582935398017,2.969888652779021,37.740736247398836,0.22021694831077365,0.2732084595671676,350.0,Gold
A198,1,488,460.0420551782718,0.5576454794272383,3.080994201539123,36.318710957990604,0.16796033613115685,0.3176050922622695,0.0,Bronze
A199,1,513,500.7019241049088,0.5883080175591753,3.6066068628924097,46.71931356795461,0.10871036097293776,0.29978275425222795,0.0,Bronze
A200,1,602,401.1735593942163,0.638157012935144,3.380333664578548,45.55745640042249,0.14610342442720775,0.24876608974337616,150.0,Silver
A001,2,488,518.6198062588307,0.6689203675817268,3.5735815522951104,51.41355998069097,0.07353502659050495,0.19059700090153142,0.0,Bronze
A002,2,487,544.6118043111113,0.5669532486684687,3.466223514244151,44.92117060484348,0.09622641504452942,0.30483544710148897,0.0,Bronze
A003,2,511,463.3579744757117,0.4406629971660103,3.074797772980659,38.91370864898171,0.210372545881108,0.2878991129406148,0.0,Bronze
A004,2,403,471.78871673517466,0.5568355696328998,3.4182525146870684,42.56758694194794,0.02,0.28583987075068207,0.0,Bronze
A005,2,504,428.42910050006725,0.548316283029219,3.0854137930788954,53.15421718264759,0.1762103754605025,0.2553188680355276,150.0,Silver
A006,2,692,374.74181049049895,0.562539916275441,3.2328533970449382,32.854397952890956,0.22819513797843183,0.2915857029820564,350.0,Gold
A007,2,361,507.2313333274885,0.680534640992541,3.79402255704273,58.78119752633517,0.02,0.22676838682514633,0.0,Bronze
A008,2,592,447.07168494775885,0.4622852796407893,3.1740777486515785,37.12465585535866,0.15251685436118614,0.2672432093987843,0.0,Bronze
A009,2,629,453.67444468738427,0.5376243760934856,2.9686009073624535,37.04739707195211,0.19534756598786882,0.2975712384931601,0.0,Bronze
A010,2,621,426.39169667352127,0.501553645678572,3.1876305411966275,39.9296138207889,0.19146972742156776,0.28204091842358986,150.0,Silver
A011,2,410,501.7014009588234,0.6545620164125752,3.7258888547147953,53.31947467886491,0.10563775767151454,0.264609595059371,0.0,Bronze
A012,2,496,425.58919491859604,0.5997451309070154,3.654840287940664,49.30049691951631,0.10955717218000603,0.26014171829922605,150.0,Silver
A013,2,588,436.9376143044237,0.6070175683921517,3.6663207231205757,45.17444237884128,0.12971491566868887,0.2690556022047805,150.0,Silver
A014,2,367,501.5447159040576,0.6970531252197181,3.9694826783783252,64.41375194089187,0.029733996304424547,0.19245168126165643,0.0,Bronze
A015,2,525,517.6364246625049,0.5615533298481127,3.295409485452026,37.73348203490374,0.07009978557559987,0.2576987011179341,0.0,Bronze
A016,2,544,448.2914247192696,0.5969124835760662,3.211668165095451,44.37318775066765,0.12080809967045752,0.247475847486541,0.0,Bronze
A017,2,518,475.20361941225303,0.5149095027108417,3.195266808204729,42.530784979479975,0.1914628000653339,0.31973727332294,0.0,Bronze
A018,2,479,533.451815924238,0.5525888319163925,3.607268928135867,41.59333029274185,0.060111788080350365,0.32928577986760765,0.0,Bronze
A019,2,527,509.2219893835643,0.6214554978615386,3.8914240053599647,59.98740227707668,0.030288466436369108,0.22726264830309828,0.0,Bronze
A020,2,374,555.071821439599,0.5492947236078239,3.513665048598254,37.84139481725688,0.06727355542749987,0.31258755489660084,0.0,Bronze
A021,2,549,422.9028918298442,0.5875792540886902,3.5396571958937058,44.895875790895836,0.11758838545231366,0.1998779758327529,150.0,Silver
A022,2,611,430.02620731433456,0.4976048101124976,3.249040449561054,39.763924959488996,0.135644516489014,0.26513239392223226,150.0,Silver
A023,2,654,430.2954497463111,0.536297263789672,3.233478970554714,32.183373078460924,0.18173043073494083,0.25671774079852794,350.0,Gold
A024,2,395,513.9231585104011,0.6488428757040327,3.6797380380578595,44.12208911734178,0.02,0.19988758903516526,0.0,Bronze
A025,2,514,475.04336256925734,0.5456152812189541,3.6584120111621607,56.63146490637145,0.06689359343442867,0.23424623581879098,0.0,Bronze
A026,2,579,413.5203982967126,0.49641688233417397,3.070251711806425,48.84236400440868,0.18521716059523957,0.31382321443046435,150.0,Silver
A027,2,665,387.02765489738425,0.4942141413098147,3.409712490970432,40.37214413959991,0.14598175733229707,0.29589231254423826,350.0,Gold
A028,2,728,331.8912831020311,0.4188781530619934,2.8150676318813974,30.99953226487771,0.1989985864266008,0.3438309007033559,350.0,Gold
A029,2,431,532.636012597354,0.6545369315717672,3.993786702376621,58.05539872740571,0.02,0.2588994079549385,0.0,Bronze
A030,2,644,406.61236005233803,0.5217147011431664,3.017306720878808,41.90721094628428,0.22202423849349442,0.29928262933790944,350.0,Gold
A031,2,677,388.73402023872626,0.7511359259889419,4.121690845127239,65.15416126563815,0.11060726894278124,0.21927852488893446,500.0,Platinum
A032,2,702,328.41179449827234,0.5503396958502615,3.2277476858119387,49.67982149744442,0.1885876824819293,0.2777781530726273,350.0,Gold
A033,2,413,541.7134501091623,0.5923746510333618,3.4034361648299356,61.860685375123126,0.05043764568881684,0.22744033793748292,0.0,Bronze
A034,2,476,487.9750663757527,0.49057040734471113,3.242816076238639,38.300810923921695,0.03931131306129973,0.3355062624867394,0.0,Bronze
A035,2,621,503.5678573879445,0.5135408329801932,3.4475768337843773,47.998668339344945,0.16237622258578602,0.27691030282448886,0.0,Bronze
A036,2,464,433.3249592422182,0.4895092997943346,3.0732013352756926,39.65549114957753,0.10731130024050592,0.2761283911193934,150.0,Silver
A037,2,672,383.3489104981171,0.5218814031945476,3.017470770841696,46.9834325817981,0.20449753217089844,0.285909902448049,350.0,Gold
A038,2,650,400.72780948105907,0.6244728030807658,3.5807399764222674,47.46782646137279,0.19677244977428554,0.22282655118879827,350.0,Gold
A039,2,564,430.95460150336106,0.5998283978670657,3.4361678959138953,33.47578507336885,0.13135380348982134,0.24754572939349076,150.0,Silver
A040,2,664,369.1133222844474,0.6106786533581593,3.5933397699985394,34.43434793819486,0.24352180655901665,0.26605015630364026,350.0,Gold
A041,2,571,499.06031677362614,0.5383695857073939,3.5238675802894215,42.05230136852111,0.1307965191636066,0.29510241789442626,0.0,Bronze
A042,2,674,349.88206539368355,0.5170184870984695,3.2044320535871487,38.531055902298085,0.15299218200444153,0.2662577031678433,350.0,Gold
A043,2,520,472.2171519664571,0.7167749540914108,4.2182927622558015,56.098275512378606,0.07545320185885371,0.19865885717497336,75.0,Bronze
A044,2,544,358.3898578692036,0.6452046180085184,3.6300354546271194,47.28627034895616,0.1315171237281579,0.2741481429396999,150.0,Silver
A045,2,587,354.1124988294133,0.5452670888478118,3.310326638925923,58.92775448652129,0.1886908659643856,0.2967851679928935,150.0,Silver
A046,2,495,552.4121041784396,0.4283917029124286,2.8246913476321276,38.6502435508878,0.08416251294445837,0.39089527001548474,0.0,Bronze
A047,2,581,435.3303716352193,0.5540276336139967,3.3426816057052107,46.84600085927472,0.10598134863844147,0.31379279176664715,150.0,Silver
A048,2,619,373.94657708198883,0.5801918135247058,3.388509971278181,43.3232673469101,0.18174366171119336,0.30225206664691584,150.0,Silver
A049,2,471,496.76768347139625,0.6015267103006813,3.6984149249438776,42.05889551720061,0.06764129001512581,0.21775325936605341,0.0,Bronze
A050,2,620,440.363956227903,0.7136382180032876,3.9802668954642404,64.37091732977079,0.17841177526182833,0.2374605233476876,0.0,Bronze
A051,2,577,352.6028986801476,0.5034685982009467,3.02570756292221,44.19665708055908,0.20621735522037718,0.297019356668714,150.0,Silver
A052,2,568,419.02589270670484,0.4825220780861634,3.2163582943924576,57.50597200682002,0.10455589005307854,0.2904617146593872,150.0,Silver
A053,2,607,475.6767626978958,0.581698325782961,3.600383042554328,44.22982970069377,0.16611596129851042,0.27236112990279143,0.0,Bronze
A054,2,681,390.22758289008686,0.46403711911513307,3.348411661780504,42.92247593616047,0.1957454136172577,0.3427414983922913,350.0,Gold
A055,2,511,502.993519351172,0.4929895960706623,3.3940000442368916,53.031249233194124,0.10113969976482648,0.3178291093018614,0.0,Bronze
A056,2,560,431.83831926005365,0.48878967808018936,3.2532087521792947,41.90005612984446,0.15697281924375006,0.27812991472766246,150.0,Silver
A057,2,770,400.2375392918178,0.5067925410306796,3.2411353427990024,39.76482007983302,0.25155338270234956,0.31955675099550673,350.0,Gold
A058,2,455,532.6707874547354,0.5779487691166629,3.586726270865019,45.57847583259189,0.07640446442930711,0.2496928660910559,0.0,Bronze
A059,2,480,495.1387297625674,0.5101999301028122,3.4722002448081604,42.159311664641905,0.07199469633374529,0.3024205215278037,0.0,Bronze
A060,2,654,352.150135067212,0.5646279647053211,3.1749227943975145,47.951172334228815,0.2004680265466215,0.26504831209355756,350.0,Gold
A061,2,624,409.82202271017746,0.5173043180557176,3.218583434123826,49.542822513815196,0.10034525283548598,0.28651228522564415,150.0,Silver
A062,2,658,403.0548449706092,0.5212627805186165,3.1907778080252367,50.500667135632355,0.13615819855739716,0.3144821770437687,350.0,Gold
A063,2,475,520.7755502609284,0.5796987562936987,3.5812522777953335,52.27120455978903,0.09765054343326085,0.2369146858880436,0.0,Bronze
A064,2,653,411.55153382886067,0.5900305798291988,3.71046011318993,59.99840953717709,0.1780021505529592,0.32234362029662844,350.0,Gold
A065,2,686,366.6709216723487,0.5276311811387403,3.193212202917355,45.97398894879478,0.28012566797269184,0.23431494546566897,350.0,Gold
A066,2,590,416.2538268017125,0.5858956595691174,3.101741927595768,47.404416729872395,0.16099371581200797,0.24771170567470732,150.0,Silver
A067,2,617,441.16880359626555,0.41094747180251134,2.8868099676735186,27.54150204087749,0.18713906125245663,0.3467273679772477,0.0,Bronze
A068,2,575,471.2738927671158,0.5774455614798084,3.63090111539948,35.961640621270995,0.10893056000234687,0.2865512004011359,0.0,Bronze
A069,2,516,489.3756831245439,0.468860279806808,3.2605223066372484,46.907152898476916,0.11610284218417803,0.3094416164601256,0.0,Bronze
A070,2,509,534.211946942407,0.6962088855211861,3.9940495540860095,60.244695694991556,0.02,0.2197947247014793,0.0,Bronze
A071,2,624,372.2953461580847,0.6385080801351211,3.5776582395776138,49.51100744077864,0.11347972315932502,0.25691327050578006,150.0,Silver
A072,2,675,375.08246560448487,0.4,2.685513694708624,37.2168537616999,0.20548505138625595,0.3330679156762696,350.0,Gold
A073,2,543,433.23089380036924,0.5127997767588588,3.3284608129807682,42.213733798590525,0.0805771380585108,0.33667552703450365,150.0,Silver
A074,2,637,346.8221564648649,0.5058557575961611,3.037181079821133,44.78468518528694,0.1985871948982645,0.3228381703884836,350.0,Gold
A075,2,545,472.77580783163353,0.6126156484039055,3.904660604673663,46.49332965396989,0.11115224757668768,0.2811384711686068,0.0,Bronze
A076,2,642,458.8387566448913,0.5601134760007047,3.554942196657281,47.01735094058459,0.11366953800581589,0.24696990789860557,200.0,Silver
A077,2,566,380.5386728732895,0.4717272599778408,2.996618183932913,44.73894861546254,0.17408660536357798,0.3089274432766926,150.0,Silver
A078,2,407,543.203003757928,0.5011928337844842,3.200232229814569,44.38499675702718,0.07794630737133999,0.2905088880245852,0.0,Bronze
A079,2,491,509.3333360705979,0.5837892419137402,3.509154423873292,49.896681247533664,0.09934764724733895,0.2363162619638199,0.0,Bronze
A080,2,467,466.7228718739772,0.6341243914204855,3.595176213624401,43.46742759603637,0.10913082328535742,0.2571551689501788,0.0,Bronze
A081,2,567,443.64503380519744,0.6169392992696251,3.741229167241129,43.360031465691534,0.14646569856353406,0.23709490755875545,0.0,Bronze
A082,2,586,357.2540178851874,0.604037196466301,3.5502184078653656,54.022413703035774,0.16407702336576158,0.2780472363089867,150.0,Silver
A083,2,399,537.652560949092,0.5705390285835662,3.371043501073364,44.560241585763485,0.07978185968644694,0.23967864167974356,0.0,Bronze
A084,2,404,477.575889313773,0.6593082911045364,4.040660097364258,59.223609729761044,0.025669445164592693,0.28784790194344007,75.0,Bronze
A085,2,487,404.55973987991706,0.4433647466506718,2.997465332253848,34.27221469520771,0.15804063193606174,0.2957641215819694,150.0,Silver
A086,2,626,404.8214150706503,0.5931487138163141,3.6235179349584583,38.747331181701604,0.2212018025222428,0.26931958458948746,150.0,Silver
A087,2,601,410.4400766798862,0.6771687446551591,3.7207658514676303,58.484826532253656,0.11202910535302989,0.25288828144957837,150.0,Silver
A088,2,526,515.8303831103353,0.5181139144166466,3.3493629704477246,43.4415659911585,0.1643160534150584,0.275635221327338,0.0,Bronze
A089,2,402,546.9245999634868,0.5522813007709357,3.485801102663636,43.95495377720298,0.04404052475462428,0.30466153899461423,0.0,Bronze
A090,2,526,496.3099604368862,0.6516608979146407,3.4457743196420623,49.417244634002444,0.10187630304746326,0.20246013290013123,0.0,Bronze
A091,2,588,451.0460233227321,0.5257721415051847,3.576387212829879,41.995630405801414,0.14477817757503333,0.33325467437340295,0.0,Bronze
A092,2,688,384.26318352089976,0.569398590728304,3.6215597945944427,44.166177868405725,0.20206445179948784,0.27266504165765115,350.0,Gold
A093,2,451,485.94171233050685,0.7208031269205635,3.902133598689596,53.590631839164274,0.02,0.19378640699270822,0.0,Bronze
A094,2,628,417.8851866512728,0.4821435324447689,3.009046271285996,41.456034080443054,0.1817086100827751,0.29816713384926935,150.0,Silver
A095,2,576,475.94968844181153,0.4979111213315313,3.2919525664627063,40.40808490686772,0.09430529138542076,0.3251031295491691,0.0,Bronze
A096,2,740,365.6603127329214,0.48642988391699393,3.177679309045029,40.052403076122324,0.20745957669272397,0.28789438767768927,350.0,Gold
A097,2,564,376.8112436885609,0.42833133358473496,3.0197455504690236,39.00000841816924,0.20784135878439042,0.3061867358834227,150.0,Silver
A098,2,590,414.19951002320005,0.5480296431786469,3.382500460431864,45.93827682222575,0.19184185649663452,0.2741420448010291,150.0,Silver
A099,2,662,349.8742325146326,0.43234299169201984,3.05377205796786,41.48707740141611,0.13243324125302713,0.291753939940093,350.0,Gold
A100,2,493,443.98623097522443,0.5565879436275366,3.637936321431117,52.067966185574576,0.16332388376004778,0.33198113978723975,0.0,Bronze
A101,2,721,327.609573198804,0.40476600380629724,2.969390972185976,49.48998649280834,0.2342922080370028,0.3211017607410394,350.0,Gold
A102,2,542,401.8428230689819,0.6168172384277221,3.4113292621172646,49.48887598861342,0.09939844749195234,0.2782216082143233,150.0,Silver
A103,2,702,471.81064420330625,0.44275308189594265,3.255776619108202,34.99966865226716,0.21048963777023094,0.3291828697510561,200.0,Silver
A104,2,728,391.6489463823087,0.5974018125006815,3.7608847649995925,45.32281802050141,0.20441135457336101,0.23150325348526835,350.0,Gold
A105,2,422,588.1796439413513,0.6022799126382375,4.13199210500625,49.423461733854325,0.02,0.2589093936683231,75.0,Bronze
A106,2,677,361.4467075212954,0.41648995501775943,2.7393571326998933,33.50651477494868,0.2094359434995864,0.35692410137221864,350.0,Gold
A107,2,702,386.70000975771285,0.46579986229611625,3.0989941102695253,32.552892376196596,0.20123864340321224,0.30803221502896433,350.0,Gold
A108,2,632,342.9897511159171,0.5291728008832579,2.958099102800111,48.7815538970773,0.16651531707219053,0.3241242680222276,150.0,Silver
A109,2,436,490.11342692757654,0.5814969724620884,3.570174516707006,57.629479373433455,0.06048076680771487,0.2980466727986205,0.0,Bronze
A110,2,490,461.1792710902463,0.561437879162005,3.347957828526055,45.130601336233894,0.045484517564893724,0.30299229397494787,0.0,Bronze
A111,2,555,513.7258213977109,0.5056322319875977,3.5435726186153893,34.526075516388595,0.1456335644298615,0.283957404036771,0.0,Bronze
A112,2,570,442.062651524786,0.5258066026255992,3.1372271291740126,34.790033786168834,0.18193559715745578,0.2572820855163157,0.0,Bronze
A113,2,476,497.3536091756555,0.5914392818867267,3.293076922022346,49.904874864333095,0.1251166113214052,0.24501665908442546,0.0,Bronze
A114,2,642,406.2976991837873,0.4182392148870865,2.8650751075689995,34.74411716966283,0.24665254665392172,0.338591542265167,350.0,Gold
A115,2,410,598.5582991471697,0.6610493141034793,3.5501141433728294,62.69591067772758,0.03917934288447206,0.2519538757645789,0.0,Bronze
A116,2,533,413.96458799440364,0.5693012314604149,3.528010846991943,34.926665790456624,0.10224978014412275,0.20713236527302065,150.0,Silver
A117,2,526,540.3854264275333,0.594844136842935,3.2742593681268657,37.03650454549691,0.10181488619029379,0.2618189492144735,0.0,Bronze
A118,2,662,393.51288287796046,0.4380971226826671,3.0109798527949576,33.977195495919844,0.1933355065030381,0.32950382768662867,350.0,Gold
A119,2,616,392.4240090591185,0.5093680067194605,2.900230894929985,46.90752453441866,0.14019912309360907,0.2879264696227492,150.0,Silver
A120,2,627,450.4711755546436,0.6087829535410832,3.5474321603559247,44.48194622943121,0.10047840861173865,0.2952250337540431,0.0,Bronze
A121,2,552,493.47999733017707,0.582272249676865,3.793805909512827,39.50078318868088,0.1042374405462668,0.2797445023567801,0.0,Bronze
A122,2,601,399.0430749251163,0.5137108441722908,3.3192965306251834,50.02184980814989,0.18736661050894543,0.3338214195735105,150.0,Silver
A123,2,471,479.5022337665532,0.5664501800567132,3.345934412071457,53.95345419463243,0.07653475097286497,0.2669411123668078,0.0,Bronze
A124,2,602,408.2323108632105,0.4610045433314373,3.0938237525109806,38.21035871927737,0.18494849766083443,0.34372250744263283,150.0,Silver
A125,2,688,439.5642376913787,0.4,2.9157452656004,28.216212151714384,0.204624078616086,0.38905199183582556,350.0,Gold
A126,2,694,350.85361784191554,0.5431584464241583,3.391411681584579,41.14617868163805,0.21696433002470997,0.32208742490851644,350.0,Gold
A127,2,507,506.34774366401257,0.5754846708512561,3.3081267586798937,50.31348531114805,0.08554743029224265,0.23704188385663552,0.0,Bronze
A128,2,602,350.7851158569691,0.5138769312515822,3.2772432187230063,34.92907991593967,0.24164461417228403,0.28683894517309566,150.0,Silver
A129,2,431,510.4919651796055,0.6283585745745397,3.2633978310390415,56.13858517657111,0.0318163895724715,0.23830162900669022,0.0,Bronze
A130,2,549,476.959900053594,0.5183697383105833,3.262882815374512,38.34451940313792,0.0977098169605513,0.30732974072805647,0.0,Bronze
A131,2,480,462.5947448872311,0.5432361681847878,3.245396996853488,33.76751707527304,0.13147788672703328,0.3032961393765209,0.0,Bronze
A132,2,466,532.9747988749045,0.6379227041314488,3.7762687988424775,42.65412423941338,0.07171628692779973,0.2196641381266484,0.0,Bronze
A133,2,606,414.16365134994373,0.43263250563028527,2.9878910024696586,34.04182805756737,0.1756105233212362,0.32898215316539403,150.0,Silver
A134,2,673,348.6479759684613,0.6884630973260497,3.5713027808344093,53.52564373237184,0.17251280819607276,0.16401694110489604,350.0,Gold
A135,2,726,360.87462659897903,0.5377250116866628,3.182708818500436,54.10796770439453,0.14791398692718713,0.3281683454993916,350.0,Gold
A136,2,589,428.73256261294324,0.5160933924639824,3.277031189936594,29.49536700196614,0.10541244061849452,0.2781914157941062,150.0,Silver
A137,2,575,451.46484788192225,0.46656097587714823,3.1141554284435005,39.71648610026815,0.17301933442726997,0.3150515278444756,0.0,Bronze
A138,2,716,359.2593525625034,0.45292139984788615,2.985102975998287,47.483277974300755,0.24012414060920534,0.30954194864120366,350.0,Gold
A139,2,543,442.1674497385007,0.5422008163616832,3.279197417366709,55.147295858187206,0.11983628014740454,0.3175005007057292,0.0,Bronze
A140,2,609,418.4137878421514,0.48462246593098374,3.240205257502023,34.17395289356223,0.12183729232225125,0.22102582038568513,150.0,Silver
A141,2,456,521.1206677632576,0.5539886612500073,3.374080932497013,49.090699376643016,0.08508338004624393,0.2779062252302198,0.0,Bronze
A142,2,636,421.826439679635,0.41562669500302524,2.93904291731904,26.940839298961475,0.14110207236523387,0.330574759273859,350.0,Gold
A143,2,628,355.4361474050385,0.45785814627666527,3.3511926790839683,25.649621331732533,0.2415687933646929,0.30324764986158337,150.0,Silver
A144,2,594,418.1791122291315,0.6197697167041177,3.4023420239915745,58.66786041296363,0.09911969867167339,0.30387890968742187,150.0,Silver
A145,2,650,307.53494373109356,0.7383775716287635,3.6488972301415226,64.51361767986431,0.16532141751658613,0.17802908758282143,350.0,Gold
A146,2,555,467.3976319545878,0.4973093003539347,3.3235174479383414,43.97631085314644,0.17265660330850582,0.32423016517549597,0.0,Bronze
A147,2,550,467.3075770147064,0.5493207775889969,3.3252110718836354,41.967274093025836,0.12256552810039478,0.29095927262558374,0.0,Bronze
A148,2,446,514.9039490657304,0.6102237860880626,3.524484564890667,47.578435499879895,0.02489543170956722,0.2937560631408404,0.0,Bronze
A149,2,612,397.7480239666092,0.44538843043119214,2.9072846592639014,48.489542555150045,0.18495199675827145,0.30182895528419795,150.0,Silver
A150,2,758,365.7912218901618,0.5342866029544906,3.2495120474601533,44.04211360260603,0.2019022152478135,0.26429629184449094,350.0,Gold
A151,2,552,406.68789879964413,0.6318753117304453,3.8398273125959355,50.97769957732876,0.1164723257444645,0.28013197253214384,150.0,Silver
A152,2,628,397.2342805928952,0.5778813407144265,3.5681428072191363,48.649890151140696,0.13131933415187408,0.2816071029641327,150.0,Silver
A153,2,559,461.5228919986544,0.5977050080513824,3.702168012309758,45.771240071640435,0.05290749010555096,0.2145698763791443,0.0,Bronze
A154,2,544,453.65511646309534,0.6010576883582739,3.3493690826274527,59.510156671083536,0.02,0.24339777422279235,0.0,Bronze
A155,2,659,389.58937182137146,0.5215647047941955,3.06410939664237,35.5620468528684,0.203645531854167,0.30296559769776366,350.0,Gold
A156,2,522,496.2231830314837,0.47011500081491625,2.7403020559823754,43.557423475574566,0.11068011842255743,0.33708692632043114,0.0,Bronze
A157,2,716,402.7153245112992,0.4674379139584149,2.992003555812075,33.705920240074846,0.17506352329944874,0.2926479148208454,350.0,Gold
A158,2,601,444.38141346472725,0.5151560031794609,3.4220637494789266,38.06702865008341,0.1674214990324112,0.20650991903370744,0.0,Bronze
A159,2,467,484.15687369267175,0.8117916484515908,4.305823078611288,70.9172136913733,0.06558006847457275,0.1909800361914747,150.0,Silver
A160,2,456,482.0374079320984,0.6825326074072262,3.812879276750408,57.138163657017934,0.05796472448023965,0.19037733633879025,0.0,Bronze
A161,2,544,435.4362702520128,0.4385024853323096,3.0175295879306123,44.6960880860118,0.15748801790020311,0.2640788419234038,150.0,Silver
A162,2,579,448.89184308567326,0.5483962957954828,3.2879929335111844,46.502804136281014,0.15204484140444666,0.1956717039322827,0.0,Bronze
A163,2,525,457.6423419431793,0.5153289095039971,3.3081365321417935,34.64260015862801,0.07781637713510066,0.3182878620043334,0.0,Bronze
A164,2,557,424.09759743621424,0.5529675764863305,3.5090557943467697,52.864346590657696,0.14272875143217667,0.28267149291761673,150.0,Silver
A165,2,505,445.8751574604217,0.6389980285317768,3.4134375909439965,48.8378258157818,0.10436535245217922,0.2376310971659217,0.0,Bronze
A166,2,521,499.4977752227747,0.5215387270890856,3.3815461478689675,50.57556082989473,0.10539734361909635,0.3330552400532486,0.0,Bronze
A167,2,625,383.65221750436547,0.6481281022672755,3.785168666905282,50.41461111240175,0.08816652490488273,0.25986849958378194,150.0,Silver
A168,2,376,500.5897142696573,0.6852569770632415,3.7598929405247454,46.27885497302708,0.02,0.2743862104563609,0.0,Bronze
A169,2,520,463.60199172363593,0.6641095473168674,3.8716086266264367,56.313508933344174,0.06373313916584715,0.1925741169082431,0.0,Bronze
A170,2,553,448.5032639322607,0.47255985290457714,3.551526372475255,49.081874501628754,0.16597020029191367,0.3099395401195502,0.0,Bronze
A171,2,687,387.16343200720775,0.4434524649364486,2.9946105616522853,38.006907682296784,0.24816889531929093,0.27411761277698016,350.0,Gold
A172,2,545,423.2950236451204,0.5412261591189692,3.4417389018357776,52.63854025759204,0.1595568015671598,0.27662806639674825,150.0,Silver
A173,2,702,345.29062066222434,0.5722112561040764,3.311745626665554,54.978625236011425,0.19274854993612314,0.26365702194536905,350.0,Gold
A174,2,439,521.7834809758679,0.5639256576424672,3.4707100339788397,42.89494579080852,0.085077448970446,0.2932281460609052,0.0,Bronze
A175,2,642,396.2634580997384,0.5968713235338604,3.577096589685895,49.11988884847193,0.20836633432560564,0.2626183870207128,350.0,Gold
A176,2,541,416.2040798142461,0.5459217922934065,3.3968656626623095,43.53803436888917,0.1338602649583628,0.30033349723103486,150.0,Silver
A177,2,384,489.9532974801209,0.7084053167706257,3.768054197090786,60.192964795983364,0.09221650558681022,0.23774107728591654,0.0,Bronze
A178,2,556,498.9261926173563,0.574151831534908,3.510736252394587,50.820304909667556,0.10864925348515064,0.33498712770753103,0.0,Bronze
A179,2,683,379.3022336742073,0.49089147336561045,3.421187081435952,44.429927295694554,0.14025310292814527,0.29418451099517207,350.0,Gold
A180,2,627,330.6385939135946,0.5466343703963469,3.3583915022880206,51.37147259522138,0.13943387544514216,0.25311557082146985,150.0,Silver
A181,2,659,376.80970884208057,0.5598079436935801,3.5469506061234886,49.55977451142474,0.1289646001740067,0.2834593309820602,350.0,Gold
A182,2,510,527.0810088705398,0.5043187883373694,3.25291657613015,36.14950244594051,0.1593491725601464,0.27420408385086587,0.0,Bronze
A183,2,569,458.7793352976141,0.5615387537814098,3.5419014405963147,52.71208401280825,0.14268777409447372,0.31984332154053213,0.0,Bronze
A184,2,669,384.8729662427887,0.5331078450850656,3.349869461153545,45.74634886056382,0.21384628760404217,0.27826032079761676,350.0,Gold
A185,2,427,541.5617377328789,0.6019509389933725,3.4601317720957194,54.04310556772023,0.07556097090745498,0.2422523333664313,0.0,Bronze
A186,2,580,463.0717309630748,0.5313248791508364,3.3802236227142117,42.36186936328008,0.16833248894258582,0.2733305767051319,0.0,Bronze
A187,2,543,508.01087559164887,0.45709710222851263,2.9625260871971077,35.43459852009987,0.13037068939123306,0.33871368181274414,0.0,Bronze
A188,2,523,397.8784819491469,0.5482709367411737,3.27390871016684,52.875483306047826,0.08944010356130094,0.275959215806586,150.0,Silver
A189,2,598,435.5402550143159,0.5327551779132705,3.350571792523555,44.31524039624388,0.193886303028068,0.2676479242307803,150.0,Silver
A190,2,474,510.5742934341621,0.6887737649341968,3.9003107451375927,44.48435613947045,0.0772033725922351,0.2744510515550272,0.0,Bronze
A191,2,714,316.6953223425527,0.6144674428219404,3.3606325665616468,47.21313426881907,0.20882872041429745,0.2285279276513713,350.0,Gold
A192,2,658,387.25582567933964,0.54322431596461,3.482583008276893,47.48787646540408,0.2087576733739127,0.28377725583514585,350.0,Gold
A193,2,602,443.57844761740506,0.48880370735589973,3.3101238318668162,45.65215404616918,0.16646100701675737,0.324047701605947,0.0,Bronze
A194,2,428,546.0460268455753,0.6444474455428243,3.6443665606577262,51.61402005338449,0.08278050234889112,0.19328096847035806,0.0,Bronze
A195,2,683,315.772810165227,0.5771036987722508,3.201960547126162,47.57433684984924,0.21605973675103313,0.2835663355332774,350.0,Gold
A196,2,469,506.7744484614612,0.5016616309220578,3.2689831981794746,41.31889570742348,0.11705906791757476,0.2676821173667634,0.0,Bronze
A197,2,704,340.2672800255178,0.4565306934172453,2.961984393980047,27.787037711943604,0.2675820243533812,0.34207120605812197,350.0,Gold
A198,2,459,494.8030319852929,0.5764589525987355,3.4728456301737727,40.36072444939211,0.1288403550271654,0.24053688860293654,0.0,Bronze
A199,2,524,482.5166353462646,0.6355433056597518,3.6174024322988196,48.40965753899735,0.07162060419085571,0.2665657486915651,0.0,Bronze
A200,2,503,431.1300907850282,0.5897467752844786,3.2023521108618915,44.063414727840346,0.15220916209903118,0.2972762818750499,150.0,Silver
A001,3,511,463.5706889072357,0.634629608291385,3.547051992909395,50.94372681751525,0.0863708985993472,0.22162591265101578,0.0,Bronze
A002,3,478,532.0561031139821,0.629424842996695,3.6723861219638847,51.94418294739487,0.07034827924529373,0.2578688069240436,0.0,Bronze
A003,3,530,502.2368585211035,0.4457012616775756,2.9785908295333408,45.54458979883479,0.11904107680317096,0.2496094372959538,0.0,Bronze
A004,3,385,591.1002609263371,0.5780137465604229,3.645528362587286,48.311650562160125,0.03962817476260957,0.31056817962032285,0.0,Bronze
A005,3,613,413.69681437686285,0.5445471658123978,3.4936776662340314,45.17470833471189,0.11122112333313253,0.3023499359162529,150.0,Silver
A006,3,645,390.9283036499238,0.47060114515335577,3.2118583408204238,42.59651487202091,0.20043685074152015,0.26674524546376766,350.0,Gold
A007,3,377,556.5229064246249,0.6946626536782415,4.125444061611839,40.30382609339332,0.020623394529541306,0.1777716248133148,75.0,Bronze
A008,3,567,448.3028915088872,0.5892936230247838,3.5126164333663885,41.97200503117327,0.10159864192491269,0.31445052791301226,0.0,Bronze
A009,3,615,384.6154299996975,0.43753653644697665,2.7799924112160457,33.42030479021355,0.24673093711924438,0.3028639883162706,150.0,Silver
A010,3,599,454.72950177774817,0.5111634767704035,3.466033385689867,41.67231665379886,0.17096889430613443,0.2705090638298599,0.0,Bronze
A011,3,386,536.2632006621279,0.6069271259252276,3.507929850290123,44.064386028319035,0.02231972312011865,0.18924758680543047,0.0,Bronze
A012,3,491,492.59620252781116,0.5772703214538176,3.654637404234485,49.31502234739491,0.08634121116644039,0.2585685252504263,0.0,Bronze
A013,3,543,422.08585347787897,0.512852787491853,3.522909422786154,48.61241982221447,0.11650781145071538,0.28802729655818615,150.0,Silver
A014,3,449,471.369885288905,0.6352434457151673,3.7533932150617004,62.41934542490175,0.02,0.26736741461701763,0.0,Bronze
A015,3,516,485.66695580684205,0.4571472061398732,2.8730640180150178,36.40708608129898,0.12457091553710281,0.2751687646985165,0.0,Bronze
A016,3,550,460.63028447459953,0.6227818344833018,3.4424419310320022,53.678696993095585,0.09564741892596182,0.20527866243946094,0.0,Bronze
A017,3,549,427.93203194687675,0.475417234950993,3.3042407720968314,38.51133750433119,0.20659541969514006,0.3233619850628971,150.0,Silver
A018,3,505,475.1018504629196,0.5513555280022701,3.381522528179563,40.37469320323536,0.12164563914034184,0.30965969093590395,0.0,Bronze
A019,3,492,434.1018030681814,0.6798914925312933,3.797866492495632,56.367216322620614,0.04994414777839046,0.18090883245394618,150.0,Silver
A020,3,441,522.913053985426,0.4911203790806205,3.3322911670386195,37.53249298878926,0.041130490230957314,0.33599727095674403,0.0,Bronze
A021,3,587,448.5247434097493,0.5195795696748653,3.409802866690709,34.58481022001757,0.14397899777082282,0.2932944273746585,0.0,Bronze
A022,3,563,458.8401169480675,0.5092365289135067,3.28953441451079,47.3998848331365,0.17780394214996906,0.32905954860683667,0.0,Bronze
A023,3,615,383.11991941114076,0.5348411448180358,3.2437789694970443,43.200195096795625,0.19367356432923014,0.2839569312272572,150.0,Silver
A024,3,380,502.20963261663155,0.610805607691337,3.536471644080485,50.682310920940516,0.04984367168942716,0.18000941939882664,0.0,Bronze
A025,3,527,442.86457475347754,0.5922011236825262,3.6414337347272907,50.70311874580427,0.09786835754545659,0.25856052905750837,150.0,Silver
A026,3,627,400.7864138620406,0.5330184198954658,3.386967959959255,37.501320218022514,0.14599855515451166,0.31859694660195176,150.0,Silver
A027,3,649,421.4167354310889,0.5158385778870992,3.216960359114646,38.2672563284589,0.17490667299393486,0.2668521882726489,350.0,Gold
A028,3,692,400.9126202788838,0.4146397625395957,3.069038278282946,33.992818846233305,0.1843609772942958,0.32250514591693813,350.0,Gold
A029,3,458,508.05082542436486,0.6343207211313718,3.6993432297713933,54.27051110667548,0.05215856441439505,0.2409877064409219,0.0,Bronze
A030,3,619,373.83770642845604,0.4694697628538067,2.928074096043966,25.0,0.2090295068278519,0.2252266784624229,150.0,Silver
A031,3,652,381.7621152916192,0.6912257051714937,3.7466334678705002,65.02039411570433,0.09331124786168501,0.2736501451945268,350.0,Gold
A032,3,701,319.71375457267186,0.5520051156366649,3.1891568242190664,47.811823266632494,0.259487164266055,0.25215668334841884,350.0,Gold
A033,3,430,489.5412319789348,0.6305851143285733,3.6401162638504205,56.808351736486344,0.05171737617512022,0.2629380172427546,0.0,Bronze
A034,3,480,554.0365625252192,0.6447783049131258,3.8797259217385602,45.83026156572391,0.06059822888783338,0.2394876439503034,0.0,Bronze
A035,3,571,477.0201117243808,0.5007046876188525,3.118212384797801,43.39275147801652,0.1732371756166488,0.3374466966432398,0.0,Bronze
A036,3,505,490.4932839046096,0.5186435421900645,3.355524453655389,48.601647224514025,0.10774969579367447,0.30472426679681663,0.0,Bronze
A037,3,685,332.1482385280286,0.47600869838170773,2.974415652014322,44.81287886666765,0.22861418595829666,0.30254879250168765,350.0,Gold
A038,3,637,392.80678602938013,0.6515733066811741,3.6250149262015956,41.736355477066084,0.15382204628084534,0.21256522455195195,350.0,Gold
A039,3,637,486.7010322652133,0.5370392369293773,3.0915645074166385,37.212187884882205,0.17869355817175353,0.3091198262697133,200.0,Silver
A040,3,729,345.11249417565097,0.49478390733596617,3.1343051401427053,47.017090610794284,0.20183178805477675,0.24588319794697505,350.0,Gold
A041,3,559,501.2081793804228,0.48233042951634897,3.197181240364515,38.12846352500838,0.14283995274512434,0.3264445408017372,0.0,Bronze
A042,3,608,455.16898925985174,0.5539454476569614,3.4820125510400897,36.215735514020565,0.10594042608046758,0.24545047839056927,0.0,Bronze
A043,3,544,507.04679270603685,0.6217277452953435,3.7351909299876427,55.406796606867964,0.06303320703052738,0.2888774117405618,0.0,Bronze
A044,3,587,442.3452762750465,0.5596314959514974,3.244201017169035,44.66511796532409,0.18639971963673202,0.2809863878992818,150.0,Silver
A045,3,634,400.70419392928994,0.6004834317248127,3.716799467568993,57.90589373166891,0.12907035540984507,0.27913034034557815,150.0,Silver
A046,3,478,545.962731881344,0.49706138339461176,3.285087515043288,34.5395328754292,0.09834773784379318,0.3036351110568969,0.0,Bronze
A047,3,545,466.2056507490502,0.6064756041191453,3.583394102034739,41.025875000863124,0.11541808565934017,0.20483844549811203,0.0,Bronze
A048,3,510,394.1259527805516,0.5295369389062957,3.311900511709383,45.74269560766512,0.11421039087235967,0.26236334953562157,150.0,Silver
A049,3,478,489.2495302451009,0.570702596593707,3.3843835474577593,52.055827635985324,0.02,0.29189064149085864,0.0,Bronze
A050,3,623,385.48341469620857,0.6702765456859581,3.7782475871026433,55.44250910989899,0.1444781909861722,0.23688905624641207,150.0,Silver
A051,3,657,368.8365234379418,0.5574404176363106,3.438059190781644,46.976407127590754,0.1593100584525656,0.3124535301046459,350.0,Gold
A052,3,544,446.2674225949594,0.5790809195932354,3.220643762859374,48.67490325302829,0.115034588805168,0.28046586905382104,0.0,Bronze
A053,3,544,463.65022574941463,0.5648179889797784,3.3619530685853594,51.905437366730716,0.14132873464281465,0.24507174768700885,0.0,Bronze
A054,3,726,268.75889704899646,0.5309185504194119,3.1710579712908995,39.16517762242673,0.2316474081829651,0.2637506557006162,350.0,Gold
A055,3,432,552.1309191337159,0.5894344752722465,3.6086556215693952,54.256964886744996,0.10918294496931512,0.2673137316067985,0.0,Bronze
A056,3,557,502.6811268969477,0.5011305491821828,3.4093070901167386,36.593075514758695,0.14527671408627055,0.2301264583471237,0.0,Bronze
A057,3,737,323.56929576262877,0.4117765868320734,2.7889820548377617,39.51678597135172,0.22013975692492502,0.3854926218358602,350.0,Gold
A058,3,524,501.1392405384138,0.5848401623681413,3.4478558565999076,60.024193589871,0.08733786204372637,0.2793163371440702,0.0,Bronze
A059,3,497,474.8647519368902,0.5476941674701761,3.296659075473331,37.160716458259984,0.13920760159346374,0.31773337092339576,0.0,Bronze
A060,3,660,413.4219165884951,0.6001601017739754,3.403117674513039,44.492955895233194,0.22773127096043383,0.21251784106613475,350.0,Gold
A061,3,568,440.7733972184168,0.5044335975823973,3.207644441220824,38.92414788364641,0.14340303523479428,0.3355635157776988,150.0,Silver
A062,3,625,365.86352570646386,0.5488230940006774,3.469699275675322,55.241827693342444,0.14864672693553974,0.34741572973056145,150.0,Silver
A063,3,469,528.4678835263863,0.585321956361972,3.388202812485295,57.62271773793165,0.07956581069874055,0.2262448667938916,0.0,Bronze
A064,3,675,361.85265507562315,0.5906359396243,3.552034850538941,60.156224782845584,0.14246787827490345,0.28688767799739295,350.0,Gold
A065,3,717,342.7733875537696,0.5561192816806486,3.0881216656452457,50.18718465320088,0.222287903645385,0.2775855856683593,350.0,Gold
A066,3,565,426.72995208216076,0.5628748630387805,3.3200095531892684,44.858050110868675,0.08627022551429192,0.22851703933704043,150.0,Silver
A067,3,694,452.31802216930447,0.4870719036217285,3.12128746834673,33.3098512788786,0.15368450379004195,0.31995775770686463,200.0,Silver
A068,3,518,493.08178316379843,0.5896448803318189,3.796713411636954,40.75944244294599,0.11911355084357142,0.28915014401239286,0.0,Bronze
A069,3,529,446.57057432958743,0.5509714505780248,3.3343246666053052,55.14464192823504,0.10600772102058763,0.2615776231887247,0.0,Bronze
A070,3,429,450.17740295674196,0.6806144497730517,3.4887430406134774,63.06370724213825,0.05047457113046984,0.26273171569843595,0.0,Bronze
A071,3,578,394.0725747141558,0.6112182264066647,3.2608340912347775,49.62513629100494,0.14115484134360512,0.2055098072336582,150.0,Silver
A072,3,682,389.19231234841794,0.46459493501236415,3.07462643852336,42.63948718570301,0.19301587713573784,0.269319341601565,350.0,Gold
A073,3,591,456.38070565953234,0.6272699007974745,3.6822684899010394,37.651929860775056,0.1403061240852588,0.25318996154867274,0.0,Bronze
A074,3,639,431.4519239688759,0.4586025007278629,3.1540364247423884,41.17889410323082,0.16016935170026955,0.31732055804802295,350.0,Gold
A075,3,525,486.0721001689115,0.5832260111080051,3.530527659978045,45.199629641220824,0.1603535736563209,0.24521239090407482,0.0,Bronze
A076,3,627,412.5791308699458,0.5568744202602501,3.597627998336724,53.94535306533693,0.1231772446993642,0.3015380649750565,150.0,Silver
A077,3,568,445.5466672267752,0.46464579366893094,3.0349550360232773,39.47024972473549,0.15608666127620058,0.3300685119589061,0.0,Bronze
A078,3,421,502.49246018308236,0.5795150739997286,3.6129104380696946,38.21601267620207,0.02520197738919376,0.29393814252812905,0.0,Bronze
A079,3,443,484.24609208394764,0.5851458159176973,3.262022434133127,47.641879692522316,0.10964924808221616,0.2622475805723531,0.0,Bronze
A080,3,570,494.8332180215517,0.6691682920171393,3.6159705255756442,51.098801836377184,0.10890992740318144,0.25041009123249447,0.0,Bronze
A081,3,533,445.49318752493025,0.5984791281637101,3.2524379355510877,46.46308386390879,0.11316243242234211,0.24723883964361615,0.0,Bronze
A082,3,637,411.3232198472745,0.5597212064542623,3.400199776839251,57.47714816005272,0.16926645890300748,0.33772607812089295,350.0,Gold
A083,3,396,521.1065092035032,0.5685761648526622,3.45511621947669,39.26845093967479,0.07144267034518285,0.24819316095527555,0.0,Bronze
A084,3,474,469.38445316799545,0.5767663697606257,3.5365386897452966,56.69317058657762,0.06590714605571454,0.3324523749794991,0.0,Bronze
A085,3,561,466.55706910789036,0.4722070502369064,3.12970789888272,32.492891186313535,0.12030283087520238,0.31216381831791973,0.0,Bronze
A086,3,678,378.255071746218,0.5608585284810123,3.257393390342974,51.664034301077145,0.14319287467965322,0.23439126192053283,350.0,Gold
A087,3,593,362.0178705007816,0.6999222990484975,3.808435888280426,60.806153761505584,0.1331442159725858,0.261073460895259,150.0,Silver
A088,3,475,507.2092164591029,0.5563542743164142,3.170454700393547,42.922842037122486,0.09181248257624354,0.2812353319252831,0.0,Bronze
A089,3,382,511.8684620577362,0.571153157105757,3.6684152376748935,50.880386304207846,0.07860249294780414,0.2970724601091043,0.0,Bronze
A090,3,513,497.6577675823422,0.593496020052053,3.5218943902229047,54.107254522182124,0.09850683906738267,0.29931726953545656,0.0,Bronze
A091,3,607,435.48216089174855,0.4685391984674334,3.0280596979537395,38.42934004773995,0.17110500563226233,0.3227229872373774,150.0,Silver
A092,3,708,400.72532323184583,0.5463929220306883,3.6150580141381057,42.734982712143314,0.14666485082364272,0.26367560584334016,350.0,Gold
A093,3,454,540.7286138729496,0.6931259239485114,3.7417092689913183,61.29071737704427,0.09531308258536453,0.2520210317506729,0.0,Bronze
A094,3,634,376.0942955524021,0.4511029440363132,2.885202304826806,39.59373766799136,0.19316260449631578,0.3195814876091126,150.0,Silver
A095,3,552,436.0726546874105,0.5126061850090983,3.084629826955555,41.10863487959027,0.14799653650605374,0.3155332605546133,150.0,Silver
A096,3,687,297.26181809274505,0.47701105022023593,3.0734024168148832,43.010963921137346,0.17831667614936647,0.24458366269816179,350.0,Gold
A097,3,545,370.75196415911813,0.521161403159869,3.2862167238169997,34.97727282375147,0.1872482345856434,0.3049448902463479,150.0,Silver
A098,3,644,364.375789647189,0.6012251519325782,3.5738036194306244,33.694055640321885,0.1333763279774556,0.24035236447261785,350.0,Gold
A099,3,670,416.1869688633112,0.4535252675134206,3.475995768575082,38.192804967616354,0.21714505722658403,0.3681891821099877,350.0,Gold
A100,3,558,466.60945038788765,0.5316049575622643,3.0315718129395997,51.499958081764184,0.09138257164063639,0.3060506374117671,0.0,Bronze
A101,3,673,363.7589777710473,0.48279404875543586,3.222883879300724,33.682062773093776,0.22630952493644377,0.31407811287330456,350.0,Gold
A102,3,469,367.21724075790485,0.6208879379776682,3.4689054939589083,51.28168147875937,0.1436326426106453,0.26623412460943935,150.0,Silver
A103,3,645,372.12850923627957,0.4575122725771094,2.9250099448016638,43.10926760059864,0.1687995908638943,0.2870418653828547,350.0,Gold
A104,3,701,378.3211678160452,0.5926168404187623,3.3977666165558835,52.98416760975828,0.17859090797989632,0.3116509645483367,350.0,Gold
A105,3,365,539.1718422485011,0.6359574484720434,3.577959003188618,61.87296787889184,0.051647026696051646,0.30535813316368976,0.0,Bronze
A106,3,617,393.71739974739444,0.4780797215768491,3.358827863022681,38.38669242670116,0.26644508771572656,0.32055551668570686,150.0,Silver
A107,3,752,401.5076680183898,0.48884230346004687,3.2652713692166166,40.78423434873727,0.215320341991977,0.3521751856731904,350.0,Gold
A108,3,640,430.8689140561144,0.4729929273388661,3.1868929894899263,43.36435125700274,0.19638026039060918,0.2937283831042775,350.0,Gold
A109,3,482,504.35299933737696,0.5540850620393841,3.624492814867443,42.66239910481975,0.077859996784613,0.2544525681974969,0.0,Bronze
A110,3,468,490.8041746724856,0.6054001783646166,3.350102889089343,35.01511748692573,0.1467320240997723,0.2590676711160211,0.0,Bronze
A111,3,467,482.31620876640324,0.4616706780923249,2.9072299386801976,42.5399294146774,0.08884182031444231,0.328379959914107,0.0,Bronze
A112,3,561,525.7128309260586,0.5429222664036486,3.0415682169471534,42.807268750824505,0.16721524540204638,0.2710114930012469,0.0,Bronze
A113,3,516,402.3215412322642,0.5425762546618659,3.228700066114619,45.15999439404801,0.06090378243225222,0.29910254384630813,150.0,Silver
A114,3,655,408.670762939796,0.4330840601354544,3.0034834653803277,32.156604577902726,0.14685764195876322,0.3359580604080207,350.0,Gold
A115,3,409,526.0050691212541,0.6730022391629339,3.8372917018909902,52.50612113953219,0.03837299817756051,0.20084990107609477,0.0,Bronze
A116,3,544,475.3510664741208,0.5552764468895477,3.4475870014601746,48.97189390052012,0.12241647897505362,0.29345321176773254,0.0,Bronze
A117,3,462,482.8872526140876,0.5206660075429692,3.1186659993147403,54.59581662299148,0.06807986212509208,0.31763944425845797,0.0,Bronze
A118,3,666,357.65070584018514,0.43397538369194594,3.086953816205348,27.742726486565388,0.23087520999710356,0.3315539260509333,350.0,Gold
A119,3,616,442.9676915838944,0.5571190371919578,3.4219846269870766,43.46821624991138,0.2601682475911212,0.31173182822106765,150.0,Silver
A120,3,523,513.644481491764,0.5868234143467107,3.6944869082617737,50.92682752886346,0.12165915661349296,0.22874852045640715,0.0,Bronze
A121,3,422,507.6367341214523,0.5881492256017838,3.2911657815264324,55.105916846983106,0.08713948960958974,0.278778822423242,0.0,Bronze
A122,3,636,380.42539478280327,0.5913728856319989,3.514482547702815,49.4609227854253,0.13960201049632673,0.2283424245552972,150.0,Silver
A123,3,472,491.5075079150321,0.6087608863690396,3.4253678638218648,51.79415588225475,0.07077257111273322,0.2230732047053915,0.0,Bronze
A124,3,583,416.2031711551704,0.504608954965577,3.1673748287782977,43.143466486245615,0.145643591452812,0.2792284930016355,150.0,Silver
A125,3,640,324.2005796389005,0.44987904491650216,3.0405678689134144,32.07453431754584,0.21868700760655374,0.2917865765261718,350.0,Gold
A126,3,676,340.9304275221479,0.5676099545367447,3.3947068411058825,50.84647828875283,0.26107343239489034,0.256516143623068,350.0,Gold
A127,3,486,504.86871607272116,0.7064647127402333,3.7509854114212224,51.85460852441583,0.12461821203926775,0.210989605582571,0.0,Bronze
A128,3,630,336.28513373469184,0.5264217969886353,3.2128247394394966,39.163573985541504,0.22034055047771353,0.3145459157944874,150.0,Silver
A129,3,389,565.3420330977724,0.6733636232799709,3.6092204692026524,47.3135069762321,0.02,0.22101977952684054,0.0,Bronze
A130,3,565,459.1336004086259,0.5768712588885913,3.6794488255162765,50.72475400159411,0.09842782691527664,0.2216827252414757,0.0,Bronze
A131,3,530,481.0550315746459,0.47600242057714115,3.114359206345303,42.545122202607914,0.1963414581023561,0.3438010671639983,0.0,Bronze
A132,3,392,541.1853227919273,0.6079840122925454,3.7717923485547797,48.472876909588244,0.0385113619128715,0.23169369107453067,0.0,Bronze
A133,3,649,461.09248324700775,0.4766738092340632,3.0663753371119506,38.62118879737553,0.22875740632824998,0.3075688634932358,200.0,Silver
A134,3,628,367.3132323184357,0.6285149259556662,3.550678165894771,65.0484415264607,0.21760335039522205,0.26199012482595485,150.0,Silver
A135,3,686,366.51093479640815,0.5649731599868701,3.2966336311758355,55.31177915095978,0.18623612341211596,0.27999904855733543,350.0,Gold
A136,3,589,409.727469671236,0.5281592814628143,3.3972356931018077,39.25784254876514,0.15509962218723813,0.3215616738405185,150.0,Silver
A137,3,601,432.9774473209377,0.53155664795607,3.186798817496106,36.93408286763576,0.09394617553137145,0.3017474351193547,150.0,Silver
A138,3,713,321.86731946045444,0.5448171720846401,3.396055443087197,31.92384787796274,0.24238187617983503,0.25623384377523073,350.0,Gold
A139,3,558,408.599078826965,0.5691520931516997,3.34256350442593,45.02213406301317,0.08753159579009633,0.33769602795907,150.0,Silver
A140,3,577,488.20377809605725,0.46929127741117493,2.8522902272920465,34.95272026994536,0.18560865741151303,0.31811349293567703,0.0,Bronze
A141,3,514,489.9375318829315,0.5493398239286377,3.3282244550553295,49.420237326857304,0.05811425276085724,0.27584386362989977,0.0,Bronze
A142,3,643,406.9314420060949,0.4150298614121726,2.761803239575754,35.19062712689986,0.1996953789526602,0.3629058181267981,350.0,Gold
A143,3,641,394.88469845316314,0.5452451103293146,3.3070299396101555,36.00747705611368,0.20148933178209893,0.2893854842461763,350.0,Gold
A144,3,591,385.5812111968278,0.6095359411856601,3.3826003668954647,45.54699388151903,0.13975914356654492,0.26816246931391574,150.0,Silver
A145,3,612,361.3039667838747,0.7311791706018709,4.088429600551839,59.841580002354334,0.09421464361221683,0.2822938517172722,225.0,Silver
A146,3,542,418.00774202694737,0.4528575758718678,3.028340878673696,40.46700260815711,0.180187842460822,0.3106033268036015,150.0,Silver
A147,3,601,478.6871614539262,0.6935517017002774,3.813318386926901,57.413826693538056,0.13167639513451748,0.2130464924993672,0.0,Bronze
A148,3,421,506.3053706311281,0.5204219482105004,3.412280005915342,44.49129788350801,0.02,0.29532857607617374,0.0,Bronze
A149,3,607,391.81872681594126,0.4752814468691404,3.2480011644006686,40.784508720301396,0.1711701876677774,0.342032899319775,150.0,Silver
A150,3,741,329.662552311384,0.5314176645224642,3.248531292537136,46.70597634558373,0.22826319563409944,0.24223691328530236,350.0,Gold
A151,3,566,491.6142160015049,0.608608186641818,3.4871596543624235,45.54032236837226,0.11821546947487108,0.19759004859897764,0.0,Bronze
A152,3,564,416.65220146732594,0.5969622992130981,3.250689116505424,50.44117996344616,0.186668133986634,0.24360162219615633,150.0,Silver
A153,3,571,406.545583990288,0.678110317444746,3.6510800418661598,49.9231968256092,0.09924877743744417,0.17973818425032298,150.0,Silver
A154,3,468,510.3138427164976,0.6424358764432215,3.63040721163973,57.056414184986856,0.0831160390933553,0.23028070899694222,0.0,Bronze
A155,3,661,418.59849024126504,0.4378799667536785,3.041731103296612,39.37335029165239,0.16374947296233627,0.3399230041824073,350.0,Gold
A156,3,543,490.0506604385262,0.5167561928205119,3.2400491422757867,42.52726626356668,0.1521434558991131,0.2665750569652273,0.0,Bronze
A157,3,590,411.54096924032757,0.5185561792741561,3.3667922834495005,37.608098785838166,0.19718548972921582,0.24977273098689728,150.0,Silver
A158,3,577,508.2077185933387,0.6137873554593627,3.5138396113170884,47.49948877067624,0.13394475204077275,0.25656517266771534,0.0,Bronze
A159,3,436,559.8833889218563,0.706373279014139,3.985134703979574,74.1653413014172,0.02,0.2433269929327995,0.0,Bronze
A160,3,471,450.33411418393086,0.7154449621745995,4.090496341022871,53.83511662466612,0.10947343197274655,0.16297281197466182,75.0,Bronze
A161,3,624,487.86480043934006,0.4844208904545761,3.2426627710737734,35.730915667561455,0.13087558017381723,0.33083861576734913,0.0,Bronze
A162,3,551,446.65272048066674,0.5943218254200582,3.509120318509017,48.051994802414065,0.11930221012993897,0.28679045594412644,0.0,Bronze
A163,3,497,487.5231771808511,0.5358220466024116,3.268416485556947,47.784120083396374,0.12927477955836802,0.3142937344237342,0.0,Bronze
A164,3,578,378.8065417183006,0.5476618309706188,3.2481004108991076,45.60627716555175,0.10013742193124517,0.31748967405790307,150.0,Silver
A165,3,522,470.4623182753362,0.6298773573655589,3.522360470499297,37.62213595384614,0.0430034799499203,0.3141094747935649,0.0,Bronze
A166,3,469,476.1632958128648,0.6025856933438506,3.4637118868113443,53.878064233129635,0.021272009885547533,0.2482829612038881,0.0,Bronze
A167,3,639,432.8240078600301,0.6226591466674893,3.72667766867886,54.091087372622056,0.16789901456712575,0.25422348873534,350.0,Gold
A168,3,426,566.1435227866012,0.6515956040407112,3.7470659455258803,45.2797084603081,0.02,0.22686860538627476,0.0,Bronze
A169,3,458,393.60756675748496,0.5964821995599255,3.3186854607088065,52.45419114759355,0.17789913952475106,0.2614664255187041,150.0,Silver
A170,3,562,441.4600247364028,0.4287259535846338,3.266184090310812,45.94167093850139,0.1331429396907111,0.37449581923523584,150.0,Silver
A171,3,682,397.33306510257813,0.4822250244251892,3.174955632316863,42.78095748201382,0.20610302722338375,0.2667595557120042,350.0,Gold
A172,3,571,430.6284218629701,0.6155078109977171,3.3855566780927777,57.61932913601408,0.0976937002352183,0.22796538543594586,150.0,Silver
A173,3,638,354.9209446071926,0.5545664470721902,3.3144756439953325,48.72134605642762,0.21489155400132,0.31948884926626075,350.0,Gold
A174,3,553,515.7945178364705,0.5226365168048761,3.339754552156022,42.25654055885552,0.08589852375616307,0.32154648848511225,0.0,Bronze
A175,3,661,393.17005082336937,0.526358448584547,3.5638338842539823,47.41758867152733,0.1922461401793186,0.2785626711616689,350.0,Gold
A176,3,562,432.83424095626145,0.5308886876862079,3.172633878896414,54.63735914602887,0.09560530510279404,0.31327658495913846,150.0,Silver
A177,3,508,448.9749688879139,0.6903182583858309,3.9839881765993153,54.644512634559824,0.02,0.2341091719204286,0.0,Bronze
A178,3,565,454.3560793129656,0.5348505860719548,3.5440053728018395,41.61408955316181,0.04604097121258233,0.3310680038412477,0.0,Bronze
A179,3,676,400.36745510062855,0.5302238809777924,3.2345424633223674,53.661610990374754,0.10825937645142751,0.29014573542368627,350.0,Gold
A180,3,666,393.8166713302936,0.4934325007928283,3.1510463218253135,44.027186211428834,0.16388565550422465,0.3333959630990461,350.0,Gold
A181,3,662,367.8396527846594,0.5236873601286145,3.1388924618288065,56.91064140941941,0.16648055827397792,0.36978541326333275,350.0,Gold
A182,3,541,447.98837641895193,0.5930380116072297,3.443088919664336,37.23078896873049,0.12054450669289672,0.28072777000853205,0.0,Bronze
A183,3,504,460.4248479959011,0.6297183578990542,3.616147210219352,47.4500318265129,0.14433204331747834,0.24959250181422363,0.0,Bronze
A184,3,587,438.1226330130925,0.5335206084530532,3.4506822559800296,42.5682551150354,0.1952063296506948,0.3082651661754081,150.0,Silver
A185,3,402,520.3039584854962,0.6131295942787391,3.7805899136029915,50.282344537407525,0.040223721314422714,0.24378973654238778,0.0,Bronze
A186,3,508,413.4684432500306,0.556647865886409,3.251452794990301,36.427927839578764,0.07962969822077735,0.34897988481117836,150.0,Silver
A187,3,535,494.5383738953616,0.5196148517105983,2.980453524272065,33.295562132974574,0.13077002612919203,0.2975561904466401,0.0,Bronze
A188,3,512,429.468226710472,0.5446652005419842,3.3808297689594515,43.22641295973578,0.1061379362461048,0.273945920176441,150.0,Silver
A189,3,616,414.5407234030494,0.5636584624412494,3.4359327473143226,46.33037127425014,0.14866987418719965,0.24946594487289916,150.0,Silver
A190,3,469,541.0889807886035,0.600712862026228,3.6709779790245705,58.044961740527405,0.04374138290810573,0.2926314609377019,0.0,Bronze
A191,3,732,320.34290173025386,0.5554374573416307,3.327650553362153,44.1680393168693,0.18600150231232646,0.3038406394481799,350.0,Gold
A192,3,649,385.7707163352507,0.5323450497407447,3.311547924646958,49.51025526895286,0.1855402804779902,0.2721413489612793,350.0,Gold
A193,3,697,377.32701843050455,0.5960429213269354,3.6989082671439615,58.79991262277618,0.1376992095785445,0.27887637182289854,350.0,Gold
A194,3,471,513.286481874193,0.7416533469123009,4.053304839201164,54.46270850092331,0.050515671812052056,0.15808198218869396,75.0,Bronze
A195,3,645,368.3491708836969,0.573009420927485,3.407190113452508,51.16163562501339,0.18802123068367027,0.2763453488812007,350.0,Gold
A196,3,508,435.5084908435594,0.5886954154265654,3.40237104299559,60.83923026881796,0.07341310473188965,0.2781045243916746,150.0,Silver
A197,3,708,348.2332909699646,0.4697134999638654,3.046682764493655,31.30118842024079,0.28033989795670433,0.3633344943012305,350.0,Gold
A198,3,467,495.64054122417156,0.5601173276431538,3.6562990134058895,40.96766037724527,0.0840166093992037,0.25282850486087777,0.0,Bronze
A199,3,454,481.5593492838369,0.538723090463716,3.3725123936443824,52.2999568050622,0.03692167773743416,0.24616018495044384,0.0,Bronze
A200,3,579,466.75214740872326,0.5295157953743601,3.360352389846161,55.62209228502899,0.14093556399258855,0.2613308430225047,0.0,Bronze
A001,4,445,447.7361346221348,0.6114909336105988,3.4880347604752724,51.85116489203527,0.09234044445387811,0.2529258492952217,0.0,Bronze
A002,4,511,504.72357289213056,0.5820907371785292,3.4236715906996213,38.31270752044847,0.08061297483525252,0.290262767068645,0.0,Bronze
A003,4,584,475.82707328688696,0.5131735463676852,3.1952576383715896,36.68035457373474,0.15786439923444992,0.27148169673100636,0.0,Bronze
A004,4,412,555.4579582370762,0.49146967300485506,3.3160405270317375,45.83721871577994,0.08718690322037254,0.3444549579025049,0.0,Bronze
A005,4,605,466.86456283771884,0.5057268844776648,3.3807570430459855,41.11604756561895,0.11804768440368335,0.35671675508418166,0.0,Bronze
A006,4,670,407.23503253186044,0.5000681497095639,3.2098069015442463,41.467529217737365,0.17944543367203825,0.29879841930712414,350.0,Gold
A007,4,405,519.7229537539059,0.6845364614840297,3.8272513335674114,53.12683443983927,0.02828047948741868,0.26367672801191766,0.0,Bronze
A008,4,537,444.04393302053785,0.5962439101395309,3.4877920218287,34.17190996520246,0.08328229176064524,0.22980752382542985,0.0,Bronze
A009,4,630,376.56262739281954,0.4290965503539412,2.855066917651218,25.368159990225433,0.21321891572052368,0.360618026093881,350.0,Gold
A010,4,581,427.4083519128833,0.43468353475529325,2.8867173124784724,48.55847856392931,0.12931520889047482,0.3575448783546666,150.0,Silver
A011,4,437,572.9029276402978,0.6196371099806665,3.400287337972181,44.4553334751862,0.061955606657356596,0.2780482744134298,0.0,Bronze
A012,4,504,464.0647121691913,0.658653539831733,3.6188500447413863,50.75350622634592,0.11734767788512414,0.23607169140119794,0.0,Bronze
A013,4,568,439.505216890967,0.5900037634431138,3.5877793316870568,55.721743179831904,0.10015037065237055,0.17537102638549357,0.0,Bronze
A014,4,445,551.95189599154,0.6272084432328102,3.6214208993577137,74.95650644238897,0.09295675200866994,0.22986480839731202,0.0,Bronze
A015,4,482,517.9171846380556,0.5511452990371433,3.3508116275531514,32.078453014870114,0.0708064585407753,0.26076439985460464,0.0,Bronze
A016,4,508,477.4379972403311,0.5811595761008745,3.547042295862108,45.514531451179145,0.16279996643562472,0.2381885214178359,0.0,Bronze
A017,4,557,424.1311369721854,0.43897838894009755,3.078863041717202,32.81926398278547,0.17551866711162406,0.328075934560373,150.0,Silver
A018,4,533,495.7590368008136,0.5804493258655306,3.342949386288524,44.05915498033047,0.05444582632871912,0.25525136628815076,0.0,Bronze
A019,4,443,456.88286849494364,0.684215962246136,3.965822733265322,53.408887683846444,0.14326497645288594,0.20157525480859492,0.0,Bronze
A020,4,405,522.4938710814735,0.5832660248972118,3.645242479980694,35.162593760568406,0.061573164775358846,0.23492958559368066,0.0,Bronze
A021,4,590,417.99425865844165,0.5475961721826692,3.189899058016681,45.35026576019439,0.12080350833306258,0.2594961415623755,150.0,Silver
A022,4,555,423.15261963626995,0.49219046029638913,3.047859922229431,32.030016697326374,0.11720760405894987,0.33676879223694217,150.0,Silver
A023,4,627,388.22823154119556,0.542781338044347,3.480062018389757,44.418520218254955,0.1878378473569959,0.26305671314343637,150.0,Silver
A024,4,431,489.5131128531926,0.54233178576535,3.3594599655485293,48.29128901161083,0.05253622973183407,0.2676191245008618,0.0,Bronze
A025,4,473,502.45117049328803,0.5998112896187311,3.2487599600290338,51.988275308812945,0.09919661467710966,0.2463745557018102,0.0,Bronze
A026,4,620,445.8150500757729,0.475092645391448,2.967811044948919,42.08046500175359,0.1551804384049015,0.32013274725770335,0.0,Bronze
A027,4,605,343.66090645750575,0.5424441945564124,3.2304409789266524,38.84932235517734,0.20419961010267879,0.29670980683329107,150.0,Silver
A028,4,728,402.4189837085506,0.4,2.6924787894241504,31.221734498149885,0.23530585548154853,0.2486603038227051,350.0,Gold
A029,4,486,498.63091859417517,0.726262941548348,3.906587073148776,53.70635809355887,0.02,0.240143879795489,0.0,Bronze
A030,4,607,434.1517453174831,0.48728310424270177,3.1588114412467903,33.334341845077695,0.1955847285487098,0.3481777993302319,0.0,Bronze
A031,4,640,371.6734113756367,0.6852444423257266,4.054998764210278,61.857856585216695,0.04549059358148959,0.19439662694885929,425.0,Platinum
A032,4,680,345.28307061387727,0.6057469232037217,3.4633323762520867,44.06776698381511,0.21313823375213956,0.22853228337646628,350.0,Gold
A033,4,480,499.5358816621343,0.7118608426452121,4.077426795310036,45.58134345128459,0.02,0.20174806130856704,75.0,Bronze
A034,4,424,550.6421559391126,0.57849449970578,3.7206711244441943,48.884301295551225,0.0965833466945633,0.24592207953398984,0.0,Bronze
A035,4,573,415.0190084916569,0.47183694836747214,3.323692559865145,36.77202865109163,0.18695730241827319,0.3179830268714093,150.0,Silver
A036,4,468,503.9892646991163,0.5625725666662317,3.5037643316793825,53.124678474112166,0.0673457884403566,0.21657521474274136,0.0,Bronze
A037,4,676,403.3457135080969,0.4871929955050151,2.8666996936119027,44.17918353320557,0.24861447414913362,0.27158497355689176,350.0,Gold
A038,4,607,407.9550914214727,0.6026505408824012,3.608319912280001,42.90120584855019,0.15359302741980846,0.30511569965228674,150.0,Silver
A039,4,590,524.5622809712901,0.5377985419818045,3.5077457254981157,29.247222634131024,0.21777453052038004,0.25703398418683765,0.0,Bronze
A040,4,668,340.51310126687605,0.5241350622025563,3.233729528000306,56.68691359088799,0.19872995836546317,0.32764882346206514,350.0,Gold
A041,4,554,489.3939013586273,0.4374936265930003,3.352930157243734,53.08090466504529,0.10094691963054833,0.33566269523050396,0.0,Bronze
A042,4,594,413.2039115140629,0.5348461997099709,3.442894437206649,43.572495990791985,0.1837059132126454,0.23178348867836385,150.0,Silver
A043,4,510,494.1369900323127,0.663025397658637,3.8922453840504976,60.42337277133272,0.06297571903119398,0.25384971679303137,0.0,Bronze
A044,4,576,432.9573126074648,0.5740806513670589,3.619864206822224,44.81859316316461,0.10949158127861591,0.26683772038739084,150.0,Silver
A045,4,611,371.4461694792355,0.5960434765138245,3.568336914500783,56.30055998515846,0.13774718355074037,0.247918597706978,150.0,Silver
A046,4,494,542.7192793475601,0.5321285781908835,2.975213867503219,34.02631729027232,0.11512469080309874,0.2944972815188067,0.0,Bronze
A047,4,593,438.036974466413,0.6236965369783072,3.504447902717105,35.14584877077722,0.16912232975018504,0.2647603897756809,0.0,Bronze
A048,4,582,366.7812032472413,0.5682044366880974,3.579246262966728,42.19308535858266,0.09263194258523165,0.29394597998399963,150.0,Silver
A049,4,506,487.2004088457219,0.5680793191948511,3.3319239896900488,46.5681297044672,0.0861997578391542,0.30811585774849964,0.0,Bronze
A050,4,683,396.8977544806524,0.6691938716115668,3.7181563447740524,49.7219560605013,0.17014289078150185,0.24456652873872398,350.0,Gold
A051,4,585,449.3145286439411,0.5522404839986642,3.259818068286285,47.53627492980764,0.16103773297986979,0.2378347837369435,0.0,Bronze
A052,4,499,453.89907131478054,0.5430706310103249,3.65554301678518,43.85162554936923,0.15590569594433357,0.26856238386633424,0.0,Bronze
A053,4,589,470.29972421952783,0.5705349039137245,3.716318023391116,41.53336608258813,0.14344473160849552,0.3600774884925688,0.0,Bronze
A054,4,711,293.75126493962705,0.5155666629881611,3.053728292085331,47.1768627875089,0.2248196387918751,0.31550806661618735,350.0,Gold
A055,4,520,492.7985521353434,0.6353467602372748,3.673413235076997,48.916826170244995,0.0962675872331925,0.316939914929435,0.0,Bronze
A056,4,544,460.3526468212299,0.5332011194533531,3.1841711447617658,35.49227191358444,0.15396951411268756,0.3285825746846343,0.0,Bronze
A057,4,704,333.9254514133675,0.44763851679832733,3.1056832013080884,44.71370274658172,0.22564997208912896,0.3281986554273415,350.0,Gold
A058,4,461,487.3603473497654,0.6156429893818727,3.6742273962964624,49.92273406693632,0.11125594777796036,0.26278501634068446,0.0,Bronze
A059,4,553,495.4976488514662,0.49047573022633284,3.351589721061203,49.6717303635098,0.10225135000426111,0.30271230671316146,0.0,Bronze
A060,4,641,363.1780003902199,0.5988397380287913,3.5292424287397686,43.96208838149252,0.1670351500435565,0.20832996631308848,350.0,Gold
A061,4,611,415.46376354391236,0.5114630606013447,3.699468135959383,42.938129186828874,0.14640752675690122,0.2959561933335088,150.0,Silver
A062,4,633,406.5119606922326,0.5342545360611999,3.191617163683594,43.97397150870488,0.18627078812966544,0.32261842215178593,350.0,Gold
A063,4,439,483.07331400572656,0.6194877970812122,3.3490363320218144,47.03186948281116,0.02,0.23421568132287907,0.0,Bronze
A064,4,659,364.61149001247753,0.4621966985024807,3.071476353969176,56.63046034733461,0.1841131835196564,0.327479910570862,350.0,Gold
A065,4,716,335.9786245413131,0.4447250165074712,2.7908690074190936,50.56737774878153,0.22270354305500414,0.3476577247738074,350.0,Gold
A066,4,573,443.62269216116385,0.5720735919794733,3.2196115452518423,50.647678290281846,0.07981432745741117,0.2438801500288364,0.0,Bronze
A067,4,664,400.82669379312296,0.45405108174204023,2.8868623012856607,26.165096833580645,0.21604781627630398,0.30484048137287395,350.0,Gold
A068,4,520,464.15013478512276,0.5699329371589076,3.328817365298008,54.531017368719986,0.12238371836174966,0.24148948042212218,0.0,Bronze
A069,4,526,455.7948538755565,0.49276542971581827,3.076754862248296,35.772681135965726,0.1352131402012331,0.2782288599129905,0.0,Bronze
A070,4,451,528.3971631831869,0.6563541452802303,3.8913093597991826,65.20940347200765,0.02,0.19883018337831604,0.0,Bronze
A071,4,560,370.5583347674007,0.5970021449120742,3.4261226479589073,50.245998182497075,0.18268337300948878,0.23418568819382957,150.0,Silver
A072,4,687,354.52812971158187,0.47484309316601586,3.043558311061242,39.511869310437454,0.20017577745510653,0.35264643315752886,350.0,Gold
A073,4,615,532.5734390678524,0.5355879589877314,3.5285825273670683,35.85351070510224,0.16226078554678416,0.2583005055321987,0.0,Bronze
A074,4,620,362.71819857615174,0.5389648376892354,3.1527972305587504,45.00162209564818,0.2193946042711838,0.28820784149612655,150.0,Silver
A075,4,509,421.76186826219316,0.5783978239651755,3.4007431497768903,38.737901582150556,0.09232349034770011,0.25355480780380113,150.0,Silver
A076,4,613,405.5263624473951,0.5481442344943822,3.448066321742341,47.409692811669544,0.18367015361570962,0.31610828431335525,150.0,Silver
A077,4,605,373.4274095952459,0.488197191012012,2.832907055496217,34.79764428182092,0.15039542217788726,0.3440559924933037,150.0,Silver
A078,4,425,537.1132047902389,0.5238351131928133,2.9927307337494464,36.699227867645696,0.02,0.3163880541870431,0.0,Bronze
A079,4,484,554.4917957706493,0.5753261571257593,3.5874437845386833,47.73663566711447,0.12756887064722566,0.27905357374277895,0.0,Bronze
A080,4,504,416.6824481596898,0.5969253745835892,3.560714057897959,54.884926716185184,0.09560151965113933,0.25429806406133737,150.0,Silver
A081,4,556,387.57994080850824,0.6332565641794768,3.8841733884897307,59.94369200477877,0.10308763012883679,0.21094113320247176,150.0,Silver
A082,4,568,351.25507272983117,0.6610087286704144,3.700691347831012,54.087351487538534,0.1315784365103592,0.29390237496550015,150.0,Silver
A083,4,438,557.6197457112967,0.5455403264009271,3.549726601196732,50.07950474338267,0.07872685435467794,0.2589936789070526,0.0,Bronze
A084,4,481,534.0221102238252,0.7135959630430507,3.924935556208876,57.98494774256957,0.04868970035297245,0.23447100519376493,0.0,Bronze
A085,4,503,454.8797271199184,0.46815315248315825,3.1443166918865404,38.109859435597485,0.16618461671194146,0.34452570618543854,0.0,Bronze
A086,4,621,389.48002057527043,0.6190809204920016,3.818617572921175,46.2183868449174,0.14515270200161867,0.23570921689603944,150.0,Silver
A087,4,670,423.3961619099846,0.667264013833004,3.4760325267475434,61.62408057730861,0.10765638599845975,0.26423477028627723,350.0,Gold
A088,4,449,567.9009462376977,0.5456986392914713,3.4758317450731973,42.159867178471565,0.09789796107143947,0.3046469403835771,0.0,Bronze
A089,4,452,532.6623008819203,0.6503004364344599,4.022516354096377,42.54953552903686,0.11674607155394698,0.291718740487669,75.0,Bronze
A090,4,516,395.0362685253197,0.5917834754940021,3.5228511100308455,50.261690147110244,0.09748971649484642,0.24920621580959781,150.0,Silver
A091,4,571,419.689465947099,0.5079195911936273,3.446609503972843,36.771597281284286,0.19750941336507238,0.2582562430041576,150.0,Silver
A092,4,698,344.3385310300026,0.6430699612312482,3.5079214184421703,51.85806059135297,0.19652298178540953,0.22760732284416538,350.0,Gold
A093,4,427,487.09801445937063,0.6754100062160834,3.830730075717484,55.974487072240365,0.024150215273809776,0.2361016037895966,0.0,Bronze
A094,4,667,372.8898924637929,0.4492106746799307,3.0512072006211315,42.00147863503227,0.19068813132384352,0.32206211194057943,350.0,Gold
A095,4,521,499.89295460175106,0.6149115432153691,3.2539354566910554,52.38898200837489,0.12201633603501134,0.24223224582561584,0.0,Bronze
A096,4,646,398.0716072253726,0.49802743004271993,3.047850144701333,50.70393543781829,0.22150879842477741,0.24351310421359473,350.0,Gold
A097,4,624,409.7628667321784,0.5055243177457603,3.0443656003627058,46.622795942106215,0.21924627554641984,0.31190476278556906,150.0,Silver
A098,4,613,438.5453806757033,0.5754082147399637,3.5732104596013197,43.60290778688201,0.1832520963137876,0.3290070484764805,0.0,Bronze
A099,4,666,385.56272103839876,0.4812490306763058,3.2741465753995933,43.138508027685305,0.23919535244104656,0.32142792487316774,350.0,Gold
A100,4,486,465.0698919569564,0.5654109803492819,3.5110173645345983,55.54424165565802,0.07311810204332081,0.29210967343189265,0.0,Bronze
A101,4,754,379.26716676158657,0.4979390160404319,3.3100014350508373,48.22422564788589,0.21299489455395582,0.3179977527684803,350.0,Gold
A102,4,590,435.9974324730961,0.5485369702228622,3.3802941115951737,41.44525573198681,0.10096434568051235,0.29249661200732713,0.0,Bronze
A103,4,666,469.80183742573024,0.4372496572321007,3.2146653071514475,27.030718943794586,0.21520913792674828,0.35305011611320253,200.0,Silver
A104,4,683,308.55643951881984,0.6202712076007523,3.5136711476605678,54.41610534051033,0.18835690834289784,0.26375272739526906,350.0,Gold
A105,4,364,515.1134919042629,0.6331849445520541,3.695944369672467,52.270813554445176,0.05982048637447455,0.23734570708958005,0.0,Bronze
A106,4,704,394.33799119934383,0.40164126742779516,2.8527790443870096,33.07244909574714,0.1755683921303509,0.31546382572861925,350.0,Gold
A107,4,667,397.7459779741258,0.5109921860024138,3.300604660893212,28.67588029882702,0.22075374123145988,0.2881339159406142,350.0,Gold
A108,4,627,419.8337944851326,0.5553364043095644,3.341967410075553,44.20909140162113,0.1992519141832589,0.2872893231696942,150.0,Silver
A109,4,473,510.25231622640376,0.6260887243111123,3.7746348664461635,38.872254022810544,0.02,0.24008202144186588,0.0,Bronze
A110,4,523,446.0561911075573,0.5864463765997562,3.3182908309832215,59.16628988127548,0.15211359547698938,0.2748516098540404,0.0,Bronze
A111,4,529,501.8137180981142,0.46318924300912384,2.9618482594030127,36.497021784563046,0.1327639137770037,0.32789880680736294,0.0,Bronze
A112,4,604,476.5983048520978,0.48444271794316307,3.2683430334968033,34.81589614291149,0.10362541665168044,0.33121829576084016,0.0,Bronze
A113,4,556,407.04646938345286,0.5593611648178866,3.3711083059034688,50.86626399662352,0.11441292039641762,0.31473938313801475,150.0,Silver
A114,4,634,388.0599484860078,0.4,2.802020954009343,38.23808895622175,0.22305809311405922,0.3423402225543657,350.0,Gold
A115,4,392,481.74488166361715,0.7095527256407421,4.022304787244212,61.00487249076019,0.026992305196851224,0.17694561278927332,75.0,Bronze
A116,4,564,438.4083817635335,0.5540370295258636,3.301071986301494,52.42673586267052,0.14796727847842983,0.26803206528507884,0.0,Bronze
A117,4,385,475.52416142504535,0.5209182740633231,3.2951102091353546,45.81692614252099,0.0990483194001698,0.29295456739686876,0.0,Bronze
A118,4,699,383.39759771319825,0.5042482069269005,3.393726215880202,34.96725233118629,0.2429973184290115,0.24322765454392709,350.0,Gold
A119,4,558,425.130279425095,0.49576949432237116,3.430863201360943,45.26618187391149,0.1807239335873829,0.343352137874126,150.0,Silver
A120,4,568,381.689445437768,0.5759862637134913,3.684480446966212,49.67324107926109,0.1262736572712934,0.27387683188991746,150.0,Silver
A121,4,475,509.7976273281105,0.551391094178944,3.431567188206229,54.51341172701353,0.12510048424928893,0.2908841473658309,0.0,Bronze
A122,4,603,362.8531880058661,0.6239836567157696,3.729616748243825,49.159771599177915,0.11470707453401016,0.2913723311894801,150.0,Silver
A123,4,440,514.1237120898415,0.5704126587215742,3.371907651571137,56.66109348767073,0.06610514408799202,0.2529306516070999,0.0,Bronze
A124,4,552,405.3852743279394,0.5273533667398117,3.1459679209587654,34.77299594142352,0.15474134064014394,0.3062799112305962,150.0,Silver
A125,4,751,367.09956234188536,0.4804056142315874,2.727638336468929,36.71763840476376,0.25540097427038344,0.30454183061430695,350.0,Gold
A126,4,753,365.96125571434254,0.5536486234721171,3.6129059660250737,44.82627699055279,0.18119086010613358,0.2730179446006755,350.0,Gold
A127,4,459,498.5273255898547,0.6088099989912438,3.470613120143245,53.29809727810025,0.036992485071841504,0.2333102287693711,0.0,Bronze
A128,4,725,414.62116951367454,0.4252657183508417,2.972335687487139,41.94531475862885,0.2209428415386824,0.37986180907025907,350.0,Gold
A129,4,399,531.419942576111,0.5945810311937458,3.4546731849411967,61.7078408872893,0.04371003131559555,0.25090258632023454,0.0,Bronze
A130,4,549,453.693881664996,0.6046219203698063,3.6845335805335506,59.38492095576589,0.1539460858962832,0.2791351592589485,0.0,Bronze
A131,4,485,489.9499115616473,0.48555018201644035,3.1226563961817786,44.78463471396352,0.07713976978045099,0.24952970556926574,0.0,Bronze
A132,4,384,550.8909083907466,0.6136251367077311,3.4318469401931133,55.50274563979983,0.08007202491356435,0.28994960120760116,0.0,Bronze
A133,4,655,426.3274104580321,0.49965674897628504,3.248144647851307,36.78042637350956,0.2666833100874539,0.33170363508819767,350.0,Gold
A134,4,689,342.3575024896285,0.7101555510422541,3.622784226813624,56.37680796000673,0.16301213171096973,0.21886080289201743,350.0,Gold
A135,4,652,312.1349106266888,0.5229377668705233,3.124450870312642,54.48283422080737,0.14093893935163998,0.2840166192676529,350.0,Gold
A136,4,574,426.8020960699924,0.6000524195932072,3.1647367240380397,42.45245561743154,0.16814504015208157,0.2719790323311241,150.0,Silver
A137,4,565,441.61601952805165,0.5478400859375121,3.132124258379465,37.94369753492309,0.16742569450599953,0.34952768545140384,0.0,Bronze
A138,4,671,316.815021908285,0.5245770918025067,3.265431440851283,46.71571290228357,0.23877061617177384,0.2372720623118928,350.0,Gold
A139,4,519,433.20995291636007,0.6010949672692676,3.2143797051615914,45.68857634145446,0.09423243397966136,0.28302283471951684,0.0,Bronze
A140,4,567,471.21481529513426,0.584187934661976,3.234632333644037,32.31311820672933,0.2269800998793025,0.2389763070705925,0.0,Bronze
A141,4,487,500.02114723378156,0.5123470449523166,3.317903338950359,53.92071006176218,0.062172893498296314,0.2944636301300814,0.0,Bronze
A142,4,693,388.1145931247675,0.45397741163227345,2.9511280988274438,36.23614947442375,0.15547635060158227,0.3109726317747307,350.0,Gold
A143,4,682,362.5109444550458,0.4,3.1681647143311267,47.85294364179191,0.2336790728636869,0.3271504522660673,350.0,Gold
A144,4,595,382.98027036592504,0.6167039879068094,3.8542357873047903,46.31652718305597,0.06346270519903,0.25300445096569435,150.0,Silver
A145,4,634,405.9594131159248,0.7547890625106706,3.921177020442254,61.75752528388784,0.12153541616660778,0.16405924063739802,425.0,Platinum
A146,4,598,470.1194431188181,0.4884427745122558,3.2669008175537555,38.24694158760868,0.23781094787422286,0.3354983032789367,0.0,Bronze
A147,4,619,393.8569545023059,0.5499440427672337,3.482384559098811,54.52119402601915,0.1492219320876787,0.2261980775571485,150.0,Silver
A148,4,404,558.6314075205397,0.48137448885188316,3.1568022998509453,46.976271665247054,0.025255950726712086,0.32364313984409704,0.0,Bronze
A149,4,561,398.34576970796695,0.5073767112298542,2.9741722683381777,40.69781712333454,0.17271896635307749,0.28725323993202123,150.0,Silver
A150,4,729,387.8956193513874,0.5730015704276348,3.4127227280728563,36.30726659804896,0.22570791270471963,0.2356716250147225,350.0,Gold
A151,4,564,493.5559603028353,0.5609589297827096,3.445048324308261,43.810085063226154,0.11821728469031177,0.281687929204877,0.0,Bronze
A152,4,576,402.21970935336304,0.5762474141653965,3.3818722125519156,50.21963304846847,0.16567205134087024,0.22279250173264709,150.0,Silver
A153,4,553,424.76955046027604,0.5430802045971735,3.4568298928488965,46.8051173881782,0.07516890748848779,0.2839593328127196,150.0,Silver
A154,4,492,394.1396959330091,0.6404780927724936,3.5119584958812555,50.07290324108516,0.13733106948152224,0.20112245565665593,150.0,Silver
A155,4,638,352.22104829115955,0.4643859068425589,2.873987531899677,41.12092169732301,0.20419843293050763,0.32808379979251134,350.0,Gold
A156,4,450,433.7135184733,0.4965372798012666,3.2065009499728983,36.1233858322756,0.1493306722045303,0.27365436807058213,0.0,Bronze
A157,4,641,394.12465223482394,0.47582833872495545,3.187926844384953,49.54787158474015,0.17281173581420345,0.2961388439991386,350.0,Gold
A158,4,603,426.58985044262437,0.5153138505178093,3.0882702520657634,50.08400869381176,0.18513704796946362,0.30269294143117115,150.0,Silver
A159,4,431,453.9704774483157,0.7775828307788123,4.24756088641843,55.88467670357062,0.022665227911207467,0.16579060433320797,150.0,Silver
A160,4,495,462.50065320009304,0.6148553739177697,3.375408437970732,54.212818885897214,0.07446764152589988,0.25231893044284304,0.0,Bronze
A161,4,560,454.30836508442593,0.4613397024100053,3.0131994953644523,26.000824483324323,0.1397127967918857,0.27004920399865223,0.0,Bronze
A162,4,581,450.99285528536734,0.5591497328909131,3.3844149180948144,42.98100061883294,0.10713260161896633,0.2952663749515194,0.0,Bronze
A163,4,515,415.5601942709522,0.4959402662865745,3.094035223737171,47.68403140627929,0.1391706034196744,0.3545713076518934,150.0,Silver
A164,4,548,425.72676225308555,0.6532257442426725,3.591441182963253,46.33453388062481,0.12272595488352418,0.32247596834022985,150.0,Silver
A165,4,541,434.07366792783375,0.565702626987052,3.7218134654504844,54.091273622639676,0.06219408067238329,0.27645399360517237,0.0,Bronze
A166,4,501,527.59986443717,0.5496309757142862,3.310106348859609,39.47044517090079,0.06569493710575657,0.30379373393820114,0.0,Bronze
A167,4,586,431.5066359038358,0.5446445500450006,3.7600162831300756,54.27843304761087,0.16723769813147932,0.22872340979477507,150.0,Silver
A168,4,425,507.07029098478336,0.7240669929413813,4.001579506659801,51.21889997309968,0.02,0.2554552326126151,75.0,Bronze
A169,4,539,432.86080121596234,0.6425912896366988,3.695467731494537,55.552883517905855,0.08655138880248622,0.26625033928704367,150.0,Silver
A170,4,597,428.28305914158165,0.4536137531358418,3.1315390156275194,37.6363862838995,0.1634244241682502,0.3040364953971263,150.0,Silver
A171,4,648,296.0934181168104,0.4936993560540117,3.457586427004971,29.18423278526307,0.17622609134594244,0.3396356815870656,350.0,Gold
A172,4,587,446.3078359355907,0.6065801794715128,3.43510540056476,47.160707363920444,0.0705216971825748,0.24973364591203462,0.0,Bronze
A173,4,699,324.86369886691773,0.6034878892312087,3.3256245366940296,54.440880571244065,0.2176858510245922,0.24486408881707983,350.0,Gold
A174,4,466,534.3648062846937,0.530400375386643,3.246486700033497,43.83656425230144,0.07789374308514149,0.3020998976081676,0.0,Bronze
A175,4,725,349.967967325914,0.5150521615843257,3.246747271905476,53.322462904925096,0.2055779210976558,0.26207850037136016,350.0,Gold
A176,4,567,422.40000185081243,0.6037187089276886,3.275561747105146,50.619451407197275,0.15396716992997,0.28916125936092296,150.0,Silver
A177,4,460,440.27663527081177,0.7012220650502127,3.864504946360302,59.738677841081454,0.07576202024183412,0.18783147962210964,0.0,Bronze
A178,4,428,457.8732668308889,0.6528740255272131,3.9213938592571003,37.013034734249,0.15458056701423348,0.20734874609441917,0.0,Bronze
A179,4,692,343.62741978492244,0.49595139724358567,3.210196734968926,47.25840457238883,0.17247392165724793,0.2743287474503157,350.0,Gold
A180,4,597,423.1121340301205,0.5844266716402087,3.4269905943405843,44.112071886967925,0.19889418386559152,0.28901433246940017,150.0,Silver
A181,4,628,351.0471646603344,0.5843148030113724,3.35793763120459,59.78384062351324,0.15797793834789364,0.24777081794985983,150.0,Silver
A182,4,535,464.43034823096093,0.5240978317452947,3.428505920345306,44.023133164126605,0.21305871490345393,0.24992099377086707,0.0,Bronze
A183,4,560,458.1576112444695,0.6129430393230624,3.4489761089711624,55.40422953675467,0.16653887897494407,0.2366523842727011,0.0,Bronze
A184,4,635,368.6313211980639,0.5394714135136751,3.58976334907528,50.16800856872881,0.1587218363979845,0.2832501634741153,350.0,Gold
A185,4,418,525.3122682463877,0.6368026738005402,3.9773576255768344,46.689014995542294,0.06186539783491354,0.20984975596985234,0.0,Bronze
A186,4,558,471.6734846049855,0.4316475080783101,3.0987428557041037,44.40628360532202,0.17422625959748042,0.29279056349764565,0.0,Bronze
A187,4,519,435.99603885285586,0.4431718361907817,3.0129507092049765,36.91484746907055,0.1433569942264204,0.38607015554667484,0.0,Bronze
A188,4,567,459.88791034835486,0.5404468893147447,3.5511399325611577,45.71190443552296,0.10443385593962551,0.2580042821596855,0.0,Bronze
A189,4,613,388.10721979273524,0.46983395058708183,3.272266457073205,40.93881822532924,0.19460361558574787,0.30237514870197707,150.0,Silver
A190,4,499,478.37211381443296,0.6140308806713474,3.4997835248399,53.43318007334329,0.06702612740756318,0.2433705377074825,0.0,Bronze
A191,4,757,336.8802121410705,0.6243019522356431,3.5037187045498928,60.847452132116615,0.21109522267342848,0.2376385148726295,350.0,Gold
A192,4,679,357.1921214251043,0.531485987308137,3.0692147437554547,32.4371239144951,0.17210838866288405,0.30604600727581827,350.0,Gold
A193,4,594,413.8219689495303,0.5540476546500546,3.444560500361187,52.34192909425713,0.10523527809210931,0.30682522665413964,150.0,Silver
A194,4,453,510.435840581079,0.6115092493753317,3.729354910237317,49.54870039244469,0.05135026884965732,0.24621766730391956,0.0,Bronze
A195,4,679,353.9444297285534,0.6357590890441002,3.424881809326188,47.50681098978854,0.20435903045135043,0.20860201578458945,350.0,Gold
A196,4,469,410.74752969309174,0.5657100558173679,3.324953104011438,52.61728796399504,0.0939582548750831,0.31194918450851994,150.0,Silver
A197,4,714,287.31748372025083,0.5235477964330474,2.9720759148220512,41.55552125792525,0.2853008237632593,0.2877206486908806,350.0,Gold
A198,4,500,511.09581922623255,0.5598604473394532,3.287613005146005,47.13972155480572,0.0923009886919558,0.32796547550993377,0.0,Bronze
A199,4,522,511.43616778568526,0.5987617290697912,3.6746697020057466,55.40535517963047,0.05381456250291668,0.19312773144512863,0.0,Bronze
A200,4,560,408.32277934303033,0.5441364661558523,3.2474936152581493,59.19557919145393,0.12749531263575306,0.2882075101761587,150.0,Silver
A001,5,543,462.97340883557644,0.5979696143337238,3.6141656732676424,49.03386836249408,0.14200862762224142,0.2735173904871716,0.0,Bronze
A002,5,460,476.7468776538372,0.5862637326882982,3.695577405007948,52.12736908764243,0.04487601920966517,0.2173533566307463,0.0,Bronze
A003,5,530,488.4068883648691,0.43264175479184497,2.922517789921635,34.16200579544017,0.1379240267951034,0.2932196423174388,0.0,Bronze
A004,5,411,525.717028894678,0.5630266597891516,3.623122332060529,52.93101022214098,0.0489083982947308,0.277865579278865,0.0,Bronze
A005,5,552,432.81500335397124,0.5925917837312671,3.4101254979841666,48.79422582660658,0.19880958819219072,0.21234491411825807,150.0,Silver
A006,5,657,422.9356341590026,0.5110888732463127,3.3775326219700035,27.696892878791072,0.15925671771999747,0.3205007837974676,350.0,Gold
A007,5,398,567.3798255198186,0.662074685064183,3.5812513799398955,47.20496187254691,0.09706040398971844,0.26131680496297105,0.0,Bronze
A008,5,528,489.59637876030973,0.5153170349793635,3.3114130771269763,42.96817682392613,0.16913508035666588,0.3036883025945883,0.0,Bronze
A009,5,676,392.7724158091582,0.4850432445990363,2.8043680980235197,33.507759070959416,0.22158942320069466,0.2723486817776478,350.0,Gold
A010,5,641,422.7348501831586,0.4247536447518755,2.953913034840303,34.411826661955985,0.15636005939846695,0.3715027102653053,350.0,Gold
A011,5,437,522.4213903765585,0.6269273489661119,3.70968356099873,44.4537494212685,0.07749806453052024,0.310345379605106,0.0,Bronze
A012,5,529,467.63437368615087,0.5950881426804341,3.469849782958183,41.706123641833464,0.06968438652847264,0.2663770477512056,0.0,Bronze
A013,5,538,459.0386941451133,0.5923487144164072,3.3814345139120325,50.22567806709836,0.152456502067638,0.2783765755869742,0.0,Bronze
A014,5,419,490.0386116319428,0.705872391829477,4.024503814041028,68.36467913461537,0.02,0.22370320291209048,75.0,Bronze
A015,5,469,547.5405421749015,0.4650580753214687,3.153617724315592,42.325552217976075,0.1112267306896474,0.3298878455413765,0.0,Bronze
A016,5,534,459.54702190836133,0.5141119737032136,3.2015959387166326,54.21748038848871,0.11040395334627462,0.29076844781992267,0.0,Bronze
A017,5,523,478.4094491391872,0.40260442431937027,2.9486195542225073,40.7690108582059,0.1256388665466066,0.3379213030769378,0.0,Bronze
A018,5,496,519.06520910015,0.5432259434936058,3.814799152603348,51.890503219977475,0.12816641828527722,0.3098811506174787,0.0,Bronze
A019,5,462,515.7065719474916,0.6975426333149337,4.07366289901918,66.88034122760551,0.07800490990395896,0.29135167153091973,75.0,Bronze
A020,5,466,514.2469035788065,0.5311669356559172,3.4980509929277894,42.67718489628246,0.09975582930750773,0.2455310887055809,0.0,Bronze
A021,5,500,441.7442828117396,0.49664913536885597,3.301056800692281,44.620585961583295,0.0937317757514865,0.2982259713203686,0.0,Bronze
A022,5,572,466.2479831735501,0.48708648836056,3.2165934129716787,44.56581771567761,0.1913453409727017,0.26975159009881355,0.0,Bronze
A023,5,696,421.6321130375692,0.4341759170214716,2.6646139990013142,46.95368357130503,0.2696018553474929,0.37409038014869384,350.0,Gold
A024,5,427,499.3437168655012,0.545730761815339,3.2970225579171704,45.61645111788291,0.04280920322822445,0.2640755561942675,0.0,Bronze
A025,5,530,453.97562418873815,0.5978208743924395,3.4652868904891836,46.2682550326056,0.15297170718418882,0.21757562642945033,0.0,Bronze
A026,5,613,441.8212083125287,0.48293877743378405,2.9153035573596378,45.1056882236391,0.15621948492982551,0.3259700989919436,0.0,Bronze
A027,5,612,379.2283695612508,0.5443345158741603,3.1279809243428995,44.842836360894395,0.1440305586723868,0.33459552709262924,150.0,Silver
A028,5,629,364.07436783862465,0.4037288347012121,2.549574760795898,33.774370215621055,0.23776577718924205,0.358416402176338,150.0,Silver
A029,5,422,570.2230517738831,0.6789434002802303,3.8876310543826733,52.40577325465,0.054392896519082294,0.23456657620636542,0.0,Bronze
A030,5,610,407.0085016964559,0.4564916752841649,3.168836308840851,44.68232435246098,0.17492027894825313,0.3296775575696138,150.0,Silver
A031,5,600,351.9235820206139,0.7650871650699527,4.209436511598532,62.950099507624714,0.09850476341249331,0.23641035385678555,300.0,Gold
A032,5,687,318.09128298556016,0.5800882094317124,3.475520304333861,47.19528605232729,0.22033129779419358,0.24173873812689056,350.0,Gold
A033,5,501,515.0703910323265,0.6632132060645898,3.648250299264748,51.6172628544737,0.04919868526550581,0.23135930445157468,0.0,Bronze
A034,5,535,474.2838395577918,0.5657946042381173,3.1199009659461723,55.679312527836665,0.10922122462169151,0.2601014538494671,0.0,Bronze
A035,5,565,444.78656995051523,0.4938168761721039,2.9303736515721637,41.41507576830031,0.15466993919528513,0.2674372903124071,0.0,Bronze
A036,5,481,495.7509705867667,0.59650124511689,3.3591134204553366,43.05292279488659,0.11019700888494378,0.25154824417073995,0.0,Bronze
A037,5,647,409.2803031778404,0.4678607957898325,2.978481623615681,43.154839676046336,0.20380775081948385,0.3460873145635404,350.0,Gold
A038,5,652,406.49133141636025,0.6308882217421546,3.5931284061739026,53.17688327768282,0.17354664268130485,0.2646427757549199,350.0,Gold
A039,5,619,433.3993600021222,0.4591189291086244,2.9051278567868004,33.75064369459584,0.1373574962875345,0.3356817433597962,150.0,Silver
A040,5,686,391.7340836755286,0.5000732617607471,3.270339722555714,48.08743235802649,0.24833754543651124,0.30436496364530075,350.0,Gold
A041,5,466,451.68930555439704,0.518063076568423,3.2518323346003255,40.19981515125525,0.10713346769122965,0.3084744828544885,0.0,Bronze
A042,5,625,379.3155399128232,0.5399795713540776,3.3027640030701915,41.265497182686246,0.1969541843272684,0.25999046118792585,150.0,Silver
A043,5,543,451.97356696376846,0.7293759300438681,4.130092712602073,49.08542396641566,0.06904120209041709,0.19896433140463585,75.0,Bronze
A044,5,524,476.333058513477,0.6239217924785792,3.454128131848359,41.35306975680274,0.1407950370252058,0.25619141011762864,0.0,Bronze
A045,5,639,388.0396444370573,0.560525637707435,3.4949619548638737,63.17695044251019,0.1372334425451331,0.2841152206834827,350.0,Gold
A046,5,501,503.9127691613048,0.5514148435828911,3.369995793089728,45.819369932496244,0.0859830238335479,0.28903969821449976,0.0,Bronze
A047,5,545,501.90018197806654,0.5661826857714547,3.4193475859223414,45.63656083551396,0.07651411418468038,0.2693768672309268,0.0,Bronze
A048,5,582,366.22233060262516,0.5809116308035749,3.5675925524170884,57.1155215270871,0.11899485019124517,0.2563126456446601,150.0,Silver
A049,5,502,464.13784191935355,0.545403153398489,3.5029714961174356,45.66229353217274,0.07579007247416394,0.3765718771319333,0.0,Bronze
A050,5,626,329.8513719539915,0.6765265563588938,3.5765980124325156,54.160240725174695,0.1577521583067471,0.2565929956444144,150.0,Silver
A051,5,565,418.73281169073005,0.5640054266514354,3.397695893658248,48.15521549670309,0.1855456551286138,0.2867922536180045,150.0,Silver
A052,5,482,455.5599838693389,0.5157836409281323,3.355061537706032,48.60032276991572,0.10323701706742208,0.2866902886825552,0.0,Bronze
A053,5,618,477.0359032209003,0.5717084446246428,3.431817999766695,44.3691540772972,0.11921626857323603,0.2577800573418266,0.0,Bronze
A054,5,746,341.800764898058,0.5510023703472751,3.4117214067718735,48.628026791190706,0.18707473847737208,0.2756750340492813,350.0,Gold
A055,5,466,493.97174129550143,0.5667431928189427,3.502345900261973,48.430101701825485,0.09289960935991531,0.2820875881800234,0.0,Bronze
A056,5,529,469.06374652219614,0.5373938534749346,3.5798379730009753,39.1030028423202,0.19248593512402734,0.2286293922881337,0.0,Bronze
A057,5,712,340.8934567913718,0.46747777376383626,2.8450239588697412,45.475785507615115,0.2753521422762318,0.26592720263322495,350.0,Gold
A058,5,463,434.6846775024145,0.6168144356433788,3.5405490499023395,49.460620078473255,0.11706960903478608,0.23416775407447973,150.0,Silver
A059,5,508,556.0802694597472,0.4397710669120677,3.0000515477990666,37.587557277711774,0.14098349831878842,0.33030575633852993,0.0,Bronze
A060,5,595,392.11833607839196,0.6677535651636959,3.786181764427712,39.49705524824803,0.23629917799541655,0.2257203795199661,150.0,Silver
A061,5,587,417.59315217599624,0.5919459583614672,3.243637046128291,45.83020725350294,0.17220979125237393,0.30756525343839763,150.0,Silver
A062,5,595,426.32056693031154,0.563799644826076,3.4963258245010542,49.623236316536925,0.16506260360539837,0.23000823845969653,150.0,Silver
A063,5,472,532.1323405400592,0.5294024223075633,3.298127742346289,49.61373021427387,0.05979157158510179,0.26569866698887357,0.0,Bronze
A064,5,659,363.80488611984765,0.5807005183608659,3.3514810166456175,51.72634067957946,0.13138391735112542,0.31332254488538663,350.0,Gold
A065,5,740,321.35117635100556,0.45700701760073004,2.8317801612309093,56.985309188303695,0.20115992161401017,0.3211307726999623,350.0,Gold
A066,5,593,466.55862970090635,0.5969674088327441,3.461770931043543,39.19502117164181,0.12996567007851512,0.28775831395093704,0.0,Bronze
A067,5,678,411.44523531162304,0.4672160398432178,3.245091294857092,25.1863248172222,0.20857957407726302,0.37465099236079674,350.0,Gold
A068,5,541,437.58322559403894,0.5470495612051541,3.3780404185599537,50.77717547301436,0.16589973425246549,0.26036604298088367,150.0,Silver
A069,5,525,511.3347775897943,0.6007815626090973,3.6609767512945477,43.0831614793851,0.11996227828824317,0.2567079448226001,0.0,Bronze
A070,5,432,499.01628225373844,0.7212928070780174,4.221596338817557,62.29915620004567,0.07977146222260258,0.2033100701408669,75.0,Bronze
A071,5,626,427.53733451152016,0.620386705314121,3.652674313766121,55.00433592677236,0.12863937340656614,0.19320752773985334,150.0,Silver
A072,5,730,417.9148595960763,0.45192613048763713,2.9732074498908982,42.41972621666267,0.21295760202269473,0.3099176436922661,350.0,Gold
A073,5,569,449.8311949760907,0.4796159210150207,3.2416199418723473,34.97962334265537,0.10179352402748544,0.33458549721541164,0.0,Bronze
A074,5,704,403.36649943535207,0.5318063773362014,3.198576139027686,36.36219444283163,0.17489255046441807,0.30349513531988664,350.0,Gold
A075,5,486,486.6753256586694,0.5516870870613745,3.341902334674561,48.20658160707882,0.1344338446571915,0.2978976602570905,0.0,Bronze
A076,5,605,361.74622758335704,0.522451254925004,3.0582539532000665,54.60428534437156,0.1640831604569871,0.2797542286108134,150.0,Silver
A077,5,609,437.3625550938421,0.5534988477874497,3.4970736046220114,50.75536517210803,0.19024837800217503,0.2589175438048509,150.0,Silver
A078,5,420,547.9378796889465,0.6639260603012278,3.693480565567144,50.24917198732753,0.061907743480962715,0.2725072460364675,0.0,Bronze
A079,5,528,461.43529146785284,0.5780017915822477,3.495887495127335,46.98005484974074,0.08196300093226003,0.2538797689763708,0.0,Bronze
A080,5,531,532.5596294845082,0.6388061959988673,3.5414856715445615,41.40230236228707,0.1833017744552353,0.2532999827642495,0.0,Bronze
A081,5,527,404.8200720758976,0.6094975499354921,3.5871993778499447,43.78771662958362,0.125905326949587,0.2611010204461293,150.0,Silver
A082,5,609,357.2873916779474,0.5897101194669955,3.3678756801196483,50.63805843732176,0.17856044164261997,0.30796746270091535,150.0,Silver
A083,5,388,570.0957559319945,0.5324373979854676,3.378801943966016,47.77226651061386,0.05852347639851596,0.3161674115359837,0.0,Bronze
A084,5,421,521.6767961481471,0.7252352675821901,4.108644158881689,58.10946178085603,0.07169579705914252,0.1710481343471103,75.0,Bronze
A085,5,570,439.47844650485035,0.44467956628556615,3.140299439638345,28.997195607545528,0.17758307874527693,0.2865015784825223,150.0,Silver
A086,5,693,387.20231890828916,0.5896282895882053,3.48093500791699,45.74962275510143,0.19159214211474584,0.28151597870679185,350.0,Gold
A087,5,634,425.72401543454424,0.6457717303283206,3.4710956835669147,65.03643371745271,0.05929348943048372,0.23976117844729677,150.0,Silver
A088,5,416,513.3726620768933,0.4989971138363258,3.6883239933434906,41.230785430309716,0.10192544706676887,0.28674600094685676,0.0,Bronze
A089,5,407,618.0170463195532,0.6325059296208484,3.9825163673977357,48.285057253482364,0.09672325420698506,0.2774664646714948,0.0,Bronze
A090,5,483,412.35856572937826,0.5843191067856762,3.581904806262623,52.5637701968615,0.11672851763809108,0.27189613874839685,150.0,Silver
A091,5,611,465.13053723516265,0.48299221651504853,3.052599200179701,45.19590154931602,0.17832791171210083,0.30837683500066393,0.0,Bronze
A092,5,667,392.13850696469046,0.6368276121099884,3.6060258198245148,48.90625932382219,0.14369861870315442,0.2686638143786561,350.0,Gold
A093,5,421,521.6064954048798,0.7446260245021509,3.9754357713329593,59.374533941025284,0.02,0.1908963203508327,0.0,Bronze
A094,5,664,372.395002694685,0.5278339581115465,3.4555061679205394,37.680414472402724,0.2104305929818199,0.335921986319558,350.0,Gold
A095,5,513,457.6128722034965,0.5030004700070148,3.2787744813206503,44.07700195415996,0.13938042569948453,0.2751583833002038,0.0,Bronze
A096,5,731,373.1631095573629,0.49639366864430223,3.080950910074911,32.68011460101317,0.23983942965994232,0.32115040453254173,350.0,Gold
A097,5,592,439.38571094948395,0.5023706862578601,3.1531517046093103,38.95545568849913,0.17366193486474035,0.34206671065665134,150.0,Silver
A098,5,579,423.66503748261965,0.542005150438945,3.5126459146846076,42.45154928638512,0.1846363934834124,0.241879075146259,150.0,Silver
A099,5,606,406.03461676326776,0.466074150419963,3.357226138432192,34.71116594116878,0.2040742493367327,0.3032702845564413,150.0,Silver
A100,5,521,432.5686140590772,0.6346472144613617,3.8595220658470755,45.89173162886341,0.07245351207716466,0.28040733600202206,150.0,Silver
A101,5,689,345.23771267457863,0.4912100573550225,3.253876162691826,44.47123565097244,0.15776006988553432,0.33823331348992175,350.0,Gold
A102,5,521,405.62939306224604,0.5516316933938327,3.351393586533081,52.35682904177605,0.13562371247064464,0.27420245463081977,150.0,Silver
A103,5,672,396.48411883021316,0.4116088410083883,2.4177000226183396,34.11686714758045,0.21099421645288705,0.3133163307863389,350.0,Gold
A104,5,712,382.1654012770858,0.5903045140820695,3.5319073123912914,49.400622503157194,0.18058040863527516,0.2925562690370951,350.0,Gold
A105,5,415,533.8081364987803,0.6410687128714184,3.7240207157016725,54.11839827303381,0.02,0.27907898792888075,0.0,Bronze
A106,5,687,476.3393330024554,0.5389504569753849,3.363682058000315,42.6453658563291,0.22239062891158629,0.24947991675447415,200.0,Silver
A107,5,689,390.3645882760776,0.45675191999983844,3.048243834737079,35.56383114232329,0.2114852098059549,0.2811818225310732,350.0,Gold
A108,5,625,383.585736289432,0.5175640025556524,3.0714467368076024,39.69310934024792,0.1953524185239356,0.299732099437247,150.0,Silver
A109,5,429,514.169760826695,0.5776678717729291,3.5793370119674512,54.03475026430172,0.13699059679272016,0.2878136702936951,0.0,Bronze
A110,5,512,469.5888198069455,0.5827643167088188,3.5914619844602864,50.562519854257324,0.024221729847492157,0.25792220075957084,0.0,Bronze
A111,5,541,474.80320283313625,0.5113800518580961,3.3423623674863308,33.66293339049057,0.12027044606232906,0.3158267938562321,0.0,Bronze
A112,5,571,487.78318268118824,0.49689818861438123,3.3510387909065193,28.838640260249985,0.15809534566260824,0.279936626349126,0.0,Bronze
A113,5,498,468.7213492086682,0.6163618757599729,3.6839395793271787,49.905451725574586,0.15331488866351356,0.19001444172379878,0.0,Bronze
A114,5,685,364.3702805996276,0.4337643077889447,2.8841885822014164,32.840503085017026,0.17296269849867016,0.31377724471444424,350.0,Gold
A115,5,390,501.696597969667,0.7163197763932356,3.9130797153373016,64.14616563814904,0.08752496735444415,0.21536905383809876,0.0,Bronze
A116,5,533,444.8418579386201,0.615248744943071,3.5823695126106636,45.329089739798526,0.12230722213761858,0.2456253032258779,0.0,Bronze
A117,5,510,504.82433226625574,0.5662313476626584,3.4916120573975093,44.784249948062936,0.07374495040534237,0.23874936302515204,0.0,Bronze
A118,5,684,394.9272528302265,0.5395157913985458,3.4415476323795167,40.935567447150234,0.22811923980172896,0.22972421416421718,350.0,Gold
A119,5,554,381.4107149589364,0.52902119548568,3.354671274127057,46.04743306028428,0.15413137360358262,0.27296885767469103,150.0,Silver
A120,5,550,410.6623871237861,0.5668942392592269,3.7579429162380302,53.153443225510166,0.16084791353251063,0.30017197744580154,150.0,Silver
A121,5,514,487.72494902244256,0.6881231197093599,4.1700479305696465,57.9207301255242,0.03978013614961433,0.2624366752986665,75.0,Bronze
A122,5,621,350.8561896948355,0.6374571006598277,3.5850867942827827,46.977517173342655,0.16944538053405878,0.2806485612602226,150.0,Silver
A123,5,453,479.212349886721,0.6206708716611793,3.051546149935931,53.90449358116509,0.050390143890305855,0.22725436528107168,0.0,Bronze
A124,5,569,409.4089382146005,0.5048693770965619,3.4077919821943934,49.486355166094135,0.12992659824905758,0.2634410594524643,150.0,Silver
A125,5,697,354.190763602286,0.4370058030318233,2.867303753163506,36.27050182542655,0.3085818173589625,0.34009671723666757,350.0,Gold
A126,5,672,356.58981962384047,0.5653692152527012,3.2670736555788773,45.1485250881483,0.21907799847148438,0.2929053142468573,350.0,Gold
A127,5,503,478.0670553330149,0.662310437672152,3.673876318357323,56.5226214534091,0.1077006294835719,0.24708091308715407,0.0,Bronze
A128,5,656,357.8535142289646,0.5161518459168813,3.13338615038415,26.23637943289714,0.25037145447579645,0.23311736340611455,350.0,Gold
A129,5,384,546.7264323628336,0.6310389529633079,3.7973896805304004,63.92863213880319,0.02,0.2215778812681728,0.0,Bronze
A130,5,526,496.1925973054833,0.6570303776602826,3.5270860793408194,44.0878572432062,0.16182686088651468,0.2362971852273076,0.0,Bronze
A131,5,476,552.2597267360296,0.5045236858938593,3.1203169964169186,34.91631227705056,0.03998191581535131,0.3128070714813691,0.0,Bronze
A132,5,403,487.7480587501926,0.6467275318424567,3.721215683552457,48.079806367993285,0.02236821961090713,0.2643282081410919,0.0,Bronze
A133,5,633,430.45499453283094,0.46086450068962825,3.1700206398425945,34.59112809578903,0.18188992897127323,0.31998180539260984,150.0,Silver
A134,5,575,339.9660992113446,0.6888963539306858,3.8726361027405423,61.24793772495531,0.19179677928575922,0.23436497262387274,150.0,Silver
A135,5,642,370.9020854354244,0.5674424385914126,3.3036331079354495,44.829565711864525,0.18622875392068133,0.27556898831426807,350.0,Gold
A136,5,602,404.90947817378907,0.5099524900879366,3.0642363469102953,40.095884947681746,0.1753498289223309,0.3165875851913798,150.0,Silver
A137,5,637,434.206834104004,0.5020454514568584,3.1355704252558496,36.59796822751562,0.16664562514602638,0.30856778896198395,350.0,Gold
A138,5,688,341.7624480808841,0.578439819196497,3.4454065558771725,46.167300754929315,0.19251628921588934,0.2705962021228198,350.0,Gold
A139,5,523,454.3730112780678,0.5281964624218605,3.5446963493845387,45.54019737638804,0.06705730404027757,0.2806703510571344,0.0,Bronze
A140,5,648,400.0474143452599,0.4599623336800288,2.7449230109623293,37.047461012444494,0.20211949252496408,0.3184538092792629,350.0,Gold
A141,5,456,471.81691142836496,0.6547355916283958,3.6612739048752134,44.7187821925587,0.11642004632462373,0.25264350471381997,0.0,Bronze
A142,5,663,402.01480198612177,0.5021018199181009,2.978635877377022,33.40983351129289,0.25518733642147806,0.3071835336997014,350.0,Gold
A143,5,622,414.5918211999983,0.4,2.663187518730169,39.04576492343479,0.1767772472306111,0.3514247925503576,150.0,Silver
A144,5,581,433.23518453876983,0.5863875770324722,3.6795127830929886,59.16256606283535,0.15248579244424365,0.30572662502754666,150.0,Silver
A145,5,613,352.0560005203305,0.6676937193311828,3.8460693850507863,61.55002247711543,0.1191481073818473,0.24087742994992448,150.0,Silver
A146,5,520,474.5049219118588,0.45198163139335595,3.1521623844868363,33.739909681289774,0.1799947635537859,0.2997373918284629,0.0,Bronze
A147,5,685,439.249644270926,0.45058479895780457,3.2662543206750367,51.90158936623377,0.18024212197682088,0.34627428399670324,350.0,Gold
A148,5,439,578.3085774381238,0.5578754863916585,3.404410823085123,44.81640533694768,0.06521526222433327,0.23586385531326906,0.0,Bronze
A149,5,637,421.012729707411,0.4467576911269309,2.9820081830742495,43.29794402236054,0.1642549855667017,0.288854522127049,350.0,Gold
A150,5,732,336.24237669478765,0.5171804013428793,3.544805220414856,37.41459949396396,0.25605990172155346,0.3032032574044503,350.0,Gold
A151,5,491,458.70567127102527,0.5195948176567459,3.2902897722132947,40.69759742225636,0.13280492217741524,0.307653972970899,0.0,Bronze
A152,5,607,381.72570730252414,0.5619614911313523,3.5011109179196276,45.942089337887275,0.12527094981349615,0.23786386684233926,150.0,Silver
A153,5,577,437.8213725401366,0.5892093260091624,3.531042591386179,49.79388431094492,0.06650828233513703,0.2528317451667325,150.0,Silver
A154,5,478,495.02128384797135,0.6822676888323369,3.5450452967198642,52.3383499921303,0.07804864080396456,0.20891040950047549,0.0,Bronze
A155,5,673,415.92688532101164,0.5365754732221703,2.9931882689531513,35.43210898054178,0.24230741885977536,0.270769521024684,350.0,Gold
A156,5,546,465.78958359111596,0.5584478219457945,3.302301241528369,44.74009195034173,0.16192146557446735,0.3049288045098706,0.0,Bronze
A157,5,703,396.60048803781734,0.49317833314715215,3.339007171274666,40.08034046081853,0.1582863937167553,0.3239238306475567,350.0,Gold
A158,5,562,411.63735136714456,0.6104735296095415,3.637495844342638,44.71669946649182,0.1115128613826,0.2552369227605722,150.0,Silver
A159,5,417,515.4353065175237,0.7001640870375181,4.077858250183116,64.52994948746685,0.068617315665984,0.20355550737154493,75.0,Bronze
A160,5,483,468.60093138993557,0.6111995567830439,3.4875676163713383,59.84945056386809,0.032071988978359056,0.21503068718017823,0.0,Bronze
A161,5,626,430.86970710412135,0.47387299167715685,3.3586396712539264,37.30906515352421,0.1829848388167592,0.3530563514925957,150.0,Silver
A162,5,516,424.30595970509813,0.6509701283677237,3.514129794367352,49.446960883625174,0.11855841395094043,0.2573753656614581,150.0,Silver
A163,5,459,470.6634866897229,0.5318082789930454,3.365905509948591,39.87381335428825,0.1670357919617384,0.2660766152805877,0.0,Bronze
A164,5,578,416.1383373196417,0.5740293264473006,3.4452267007359754,55.40109822526851,0.11292141581560938,0.2919762543498265,150.0,Silver
A165,5,488,495.318182317059,0.5421660319450333,3.398164365450808,50.604600487717164,0.12210961920368946,0.2810268786047479,0.0,Bronze
A166,5,473,488.68949708247635,0.6142456356704409,3.788320536953263,40.5243710728161,0.0905361969883784,0.24568846058595334,0.0,Bronze
A167,5,632,455.77116629405225,0.6219039182110747,3.523804301911575,51.22892355966021,0.1538349516069853,0.2642947785642582,0.0,Bronze
A168,5,393,577.9674228789585,0.683690797511853,3.6772340596560147,49.738543700504,0.02,0.204278733497877,0.0,Bronze
A169,5,467,429.09585259233916,0.5953062535788249,3.5492487239677555,58.818707779035705,0.02399363615437959,0.2515648029831667,150.0,Silver
A170,5,639,444.2121987394093,0.46280916265066724,3.038619410796164,49.14878667107665,0.15635661345161786,0.3185201668657195,200.0,Silver
A171,5,669,344.15752131866475,0.4,3.3607977880898257,31.609114931935242,0.24115373982874974,0.32501646421344355,350.0,Gold
A172,5,525,426.429363836715,0.601907131770395,3.6566331613782435,54.58799068873928,0.08089955451164864,0.27930970359986773,150.0,Silver
A173,5,750,393.12185928646556,0.5499814592156085,3.3370746625436514,40.82438028270379,0.17493671203287509,0.3360794114241044,350.0,Gold
A174,5,465,496.03241129418404,0.49708280352676953,3.077344776941169,44.1111296119997,0.1168488028145064,0.27853793461107784,0.0,Bronze
A175,5,644,393.72702497711344,0.5280811723861775,3.0313710146416186,43.64364869815951,0.19076180817295715,0.23881377215640767,350.0,Gold
A176,5,572,457.2133291185587,0.570641817958136,3.315879920065866,45.87198713751227,0.12083072499081586,0.21169106779245775,0.0,Bronze
A177,5,505,455.453511837488,0.7015064130971581,3.8913330020111685,53.517292217836236,0.07759301188675326,0.2148833905162873,0.0,Bronze
A178,5,485,462.3491195034403,0.5988615842178194,3.7338069334560045,49.30384395785651,0.06476134452325116,0.24056042860908677,0.0,Bronze
A179,5,696,342.90620852472546,0.549884953539321,3.5061759863532984,53.646759843560986,0.1642885539769343,0.286281833616284,350.0,Gold
A180,5,574,366.65380164779384,0.5114541595055662,3.255767938050972,44.36591956227918,0.22886405426198653,0.29939626635855654,150.0,Silver
A181,5,681,286.4941168433607,0.5960880740957437,3.383509269434422,45.69617110547177,0.17755963154396912,0.2134682649632796,350.0,Gold
A182,5,520,477.04254971243137,0.4724733207402651,3.199592148495488,48.53596518415253,0.1432769929550022,0.25656415681945177,0.0,Bronze
A183,5,559,531.2063285980057,0.583827873614272,3.471971835232399,43.97187298943374,0.17620826698089567,0.275346847764674,0.0,Bronze
A184,5,616,411.1499013495441,0.570705485027638,3.692028824710255,36.37015853961797,0.11638515838698762,0.2757806710305435,150.0,Silver
A185,5,403,487.87321516131874,0.5421108640382954,3.3638868264260786,52.53747618007503,0.07416072193702108,0.2703811144336853,0.0,Bronze
A186,5,569,434.4170931620792,0.5797770124683717,3.432237056305674,38.29678915636518,0.18336692001077923,0.2183748874586822,150.0,Silver
A187,5,564,458.4625152784065,0.43671406931057943,2.6821960425392475,40.67677320524526,0.13802544157588723,0.3394561101587179,0.0,Bronze
A188,5,582,405.0869833100123,0.5810217935766447,3.436994724649155,48.50199380100928,0.14992150166926202,0.30574826893206036,150.0,Silver
A189,5,579,439.4043265889208,0.5665506607033631,3.545363776196383,45.879321311014834,0.13892333813921426,0.2817192089252224,150.0,Silver
A190,5,456,517.1694329278782,0.6596561445030602,3.619312491962583,61.46951677448993,0.04407097815803253,0.21071332548182398,0.0,Bronze
A191,5,728,286.29616463623927,0.6102452890511287,3.390268029425971,46.77505864618742,0.21715438166549972,0.25723844934668305,350.0,Gold
A192,5,663,398.8476374751142,0.48887962725288203,3.3005001163032928,40.011140886987974,0.2210935291482407,0.26346472667083665,350.0,Gold
A193,5,627,458.4991030767723,0.582313060705061,3.2765870203391825,45.9344816273916,0.19039353791519859,0.2988135971331394,0.0,Bronze
A194,5,370,576.9533116016086,0.6651247870834184,3.991368361249137,61.920433162413325,0.09135485416146907,0.2364054152025188,0.0,Bronze
A195,5,692,436.0197502200177,0.5962638307293283,3.502622604591223,51.075293336434385,0.17518677244986897,0.20844976035567173,350.0,Gold
A196,5,492,455.1099233755007,0.5289428821432662,3.267489535318624,43.74505883405769,0.13654081000254198,0.279402616329383,0.0,Bronze
A197,5,701,426.9345509683494,0.4032113424477668,2.7803338243301075,40.286733789532384,0.23193879287301886,0.3526145083279202,350.0,Gold
A198,5,475,481.99061738956374,0.5349442528895361,3.38609040981766,37.98098441434692,0.14048121780207018,0.2760308702149199,0.0,Bronze
A199,5,488,462.5467619547983,0.5942347627122301,3.909210910260328,52.16447485639067,0.09168036008745972,0.2540292232719027,0.0,Bronze
A200,5,458,445.44955169531136,0.6254742413880043,3.7321876997108365,41.138667077926286,0.14288255906409472,0.2130782372333801,0.0,Bronze
A001,6,502,452.04161502473596,0.6027426017775908,3.583021553173761,54.774849965878666,0.04229506268215696,0.26967048680118344,0.0,Bronze
A002,6,451,452.5093453648045,0.5580200334254332,3.5535744115311534,46.4139516374309,0.13668863845723545,0.2455981898939797,0.0,Bronze
A003,6,472,469.202033532889,0.5311874840984816,3.3752621445329183,33.75766004238253,0.14895543599627767,0.34298489842960384,0.0,Bronze
A004,6,391,598.0531681124672,0.5768365230832927,3.483649081462437,39.135995217878204,0.04260533828129982,0.23003611333387966,0.0,Bronze
A005,6,598,435.01853840291864,0.5074365619054019,3.0414470497577946,49.69948639540776,0.10545281440861756,0.3052351788142143,150.0,Silver
A006,6,654,385.73702233961177,0.541452537850252,3.3574029288804517,38.53456889896172,0.21243297913983003,0.33042462607631273,350.0,Gold
A007,6,460,578.8171888544822,0.6643178762727575,3.5916806622994346,48.326326658634045,0.05388307601117977,0.25224554226881124,0.0,Bronze
A008,6,560,450.40537740703417,0.4,3.116183344097657,43.20588225918396,0.11358494489855832,0.34527021137475333,0.0,Bronze
A009,6,649,468.8345324230716,0.45535089597718786,3.055473091084838,25.0,0.20486829590148442,0.288805132200268,200.0,Silver
A010,6,624,466.20671402939263,0.5066357815480969,3.437307743564686,31.912617347154402,0.17583359504801363,0.2558926117237302,0.0,Bronze
A011,6,427,525.5049842297519,0.604351232075849,3.5108520445870015,47.53102578119715,0.06804314166194116,0.281361010437188,0.0,Bronze
A012,6,497,456.19114208588263,0.6414817314928876,3.7090701469976515,52.70372888730463,0.057811477934447325,0.28859172462609334,0.0,Bronze
A013,6,537,467.6652752244262,0.5587874552308736,3.483332225969587,53.091217744574955,0.15201508810708034,0.2633195181933054,0.0,Bronze
A014,6,458,497.522671009005,0.676934376591818,3.8157902307812037,55.80223803755529,0.07011798935099195,0.19505440413478226,0.0,Bronze
A015,6,459,468.0537925295853,0.4501471665312483,2.9988982714542716,50.952733607522894,0.10372621876134544,0.24619605047103008,0.0,Bronze
A016,6,502,502.78808570198885,0.5709013666968904,3.527503089959009,42.125932588717426,0.12056958463751863,0.2422165080113677,0.0,Bronze
A017,6,521,496.35205376970964,0.5581440105295183,3.2532756016197175,35.20309464874239,0.15117189091108796,0.27333269051322145,0.0,Bronze
A018,6,572,480.06254283533787,0.5253980470654552,3.1567632389569793,42.76817315914463,0.08257756718784469,0.3378144783989199,0.0,Bronze
A019,6,493,446.87101609839107,0.6139332542602701,3.797886799518634,57.62948187148575,0.04863826493461888,0.274620709062881,0.0,Bronze
A020,6,412,519.6286891230006,0.507589805479194,3.371029604973958,43.86567475980521,0.05537741231023956,0.306116639949525,0.0,Bronze
A021,6,551,431.6142846140176,0.5554540602271112,3.4021583851786996,51.574612841785,0.1955140801189454,0.26581478607012154,150.0,Silver
A022,6,596,425.7302703045797,0.46399218722941316,3.3443137660042863,31.95610881036646,0.1878187691523835,0.29690815359055606,150.0,Silver
A023,6,641,384.6434344084985,0.5105402803087358,3.168090788743233,38.4545056939171,0.22247802940688483,0.3379533158017446,350.0,Gold
A024,6,430,563.4014565407402,0.6246118037033521,3.8693882019116153,50.24979238548967,0.06745620429366457,0.25617743474141086,0.0,Bronze
A025,6,478,495.6820608219346,0.6036420065200423,3.613373484472273,52.811388117278426,0.06259743855298269,0.1954651766343524,0.0,Bronze
A026,6,614,453.32874165520843,0.45915709346050226,2.9854420660042638,44.4441513505074,0.16286958995429893,0.2961309731788818,0.0,Bronze
A027,6,619,372.36248398041243,0.5396358502723725,3.5601503494911655,43.397461873896596,0.21431750458762738,0.2583991789379022,150.0,Silver
A028,6,673,362.76950247795276,0.44406834290457275,3.1072135891087784,25.73909550768424,0.2091868115804273,0.30598474256284697,350.0,Gold
A029,6,438,545.7162283526274,0.7087260670163015,3.939012483209839,67.31613841717977,0.04204337369502195,0.23339689300203198,0.0,Bronze
A030,6,587,421.8848294383863,0.48254028393471365,3.239934268558702,40.08743453204152,0.26974385017608205,0.303760539972287,150.0,Silver
A031,6,641,419.6982176332578,0.7429808240964091,3.97518677246939,59.431285219283104,0.1483694225623799,0.2005017081513265,350.0,Gold
A032,6,722,357.0359048685694,0.5900573898456878,3.596744392946445,43.1450957961864,0.2449459888922575,0.30338123890148194,350.0,Gold
A033,6,422,560.5320842679374,0.7267515714922411,3.648374743437852,50.895925903878265,0.05565704427661344,0.1884055387095029,0.0,Bronze
A034,6,438,530.4788138638023,0.5050814214672175,3.1316996073562655,45.57751820263387,0.12072049451003898,0.3538934171897335,0.0,Bronze
A035,6,552,484.0716722950676,0.5454254788007118,3.5167250873611775,33.78108358477314,0.125999456541914,0.2616905807385827,0.0,Bronze
A036,6,503,476.04860613353236,0.57136444092023,3.4258675329974375,45.65267652725401,0.11968416366863338,0.27413016953028513,0.0,Bronze
A037,6,678,370.73442491793,0.4761889847276407,3.1354241489722785,41.108743908317976,0.23640843041559298,0.30108829824686073,350.0,Gold
A038,6,651,413.7932211204446,0.5693377292403771,3.248572964313616,49.000374708400486,0.17529204964152295,0.275967482308878,350.0,Gold
A039,6,618,503.2106586593792,0.4587131027026605,3.389145263850268,35.983716391058785,0.20465890904996745,0.32985251877112964,0.0,Bronze
A040,6,678,378.2586126279396,0.47847140501477825,3.326807209336342,38.55538523736578,0.19352099162598793,0.32162649519675496,350.0,Gold
A041,6,486,458.17960352278277,0.5270733712970568,3.28699164087883,47.300546822395795,0.12054998370153919,0.26657713156255985,0.0,Bronze
A042,6,629,457.7066814601558,0.47734451184859616,3.1278125144020565,40.66402909505253,0.16595262094153562,0.2753747549371344,0.0,Bronze
A043,6,564,391.3754480533362,0.6589953580388093,3.8679516871718356,57.51340886725627,0.04516108178722104,0.3114970105116476,150.0,Silver
A044,6,583,390.5209474338997,0.5608332993308607,3.6832359898264806,49.16148381743049,0.1415430250164936,0.2611471500796391,150.0,Silver
A045,6,601,403.5314696451612,0.6146584478828045,3.739185635149239,54.654187521811,0.10051446668323868,0.27511299400703776,150.0,Silver
A046,6,484,503.960363919005,0.4352567270349628,3.37265752694259,37.73212688896264,0.14787152280143506,0.277668069870319,0.0,Bronze
A047,6,514,470.94924217070593,0.521088299926359,3.179992796496352,41.554483482385365,0.1302560468098184,0.2831762984323161,0.0,Bronze
A048,6,625,411.0952016872163,0.5713588810269723,3.3210466772055613,47.303117235141954,0.13502778783190605,0.2676404660697378,150.0,Silver
A049,6,431,519.834186179053,0.5497542419975735,3.249518328711078,46.473583919399445,0.06047612970178795,0.2942827552988056,0.0,Bronze
A050,6,629,353.8946814532007,0.7138285514131308,3.9085159630294335,48.501866072178814,0.14435841205330496,0.13279495520498952,150.0,Silver
A051,6,579,424.6679486787191,0.560467288216161,3.446201835679215,45.55999742280842,0.1758820670532883,0.2807973031058855,150.0,Silver
A052,6,547,480.39762590211274,0.5994383186131748,3.5441903279419624,51.16333014169778,0.13304191022345438,0.2257324288936933,0.0,Bronze
A053,6,569,467.37033032044405,0.603805450787711,3.676296965124803,39.05795267587139,0.12450895308289742,0.26820819102076326,0.0,Bronze
A054,6,733,394.9031414234159,0.48477653756147954,3.3658670671309623,48.693944513414145,0.20497499187862442,0.27499950907026327,350.0,Gold
A055,6,464,513.4194093849521,0.5507496424295568,3.2020939295636848,54.02748974504369,0.09820466201238162,0.2540356621504098,0.0,Bronze
A056,6,513,477.2272329412683,0.5178552316657666,3.167230630831994,29.314841140350747,0.12931967752569618,0.2846490790218953,0.0,Bronze
A057,6,747,291.66706031232764,0.49544605605911995,3.2365174416212277,47.106981046479156,0.23915952745992822,0.2702516934882561,350.0,Gold
A058,6,494,468.89517366810674,0.575337842008662,3.399987580541009,46.80178315663891,0.09948426586609727,0.25559882979447457,0.0,Bronze
A059,6,491,468.977857909502,0.5841721842283494,3.351237212317565,44.53148670303824,0.13118906275256262,0.23052985325236078,0.0,Bronze
A060,6,726,408.03179210362526,0.5625126815975601,3.5664025510944213,43.77812943242699,0.21111857750959248,0.21999981381001416,350.0,Gold
A061,6,624,392.9628692126297,0.5334385740539802,3.109262916744869,49.70152821560023,0.12435845930384995,0.31716328195128873,150.0,Silver
A062,6,599,431.7558479944191,0.5760335710295935,3.4377451650197903,52.509987934904935,0.0883439335668586,0.23070511080344472,150.0,Silver
A063,6,496,510.80135961355967,0.5709022275773771,3.5410662809335407,45.10600678668524,0.05239166900381121,0.2662786823408097,0.0,Bronze
A064,6,716,362.70644723147774,0.5722827992081019,3.351083944738816,45.98060087599595,0.2262910707117337,0.2936736127615728,350.0,Gold
A065,6,712,347.7552295122243,0.5706344465796199,3.5055082838338554,36.76592871142475,0.28234061163161883,0.25329789829267074,350.0,Gold
A066,6,563,436.84041794367,0.5969719999454917,3.4224390624039924,46.78586133201229,0.1851757553015314,0.23645622302943717,0.0,Bronze
A067,6,616,387.0027926528995,0.4519959481326038,3.231538928413643,37.99841322522651,0.20096657186940323,0.32598876340698113,150.0,Silver
A068,6,522,410.73635139301774,0.5782349967186083,3.428798496541864,52.37011969931352,0.05464770614725884,0.3022440159943712,150.0,Silver
A069,6,518,461.32508302893973,0.5691775628007762,3.539016254007197,44.37536877928919,0.04723279021095589,0.23724951692709542,0.0,Bronze
A070,6,467,475.81667677958717,0.7190604841053378,4.0589934697672145,54.933834573074094,0.025985014055350936,0.2078713713973417,75.0,Bronze
A071,6,614,390.16332396301885,0.6057233250581685,3.448023302475656,48.67454682523344,0.13574948174937482,0.20573583212771276,150.0,Silver
A072,6,696,388.66342484337997,0.4382972278680022,2.687442328264731,41.76094593557781,0.2613266406273305,0.3128850787423334,350.0,Gold
A073,6,565,468.93348892486097,0.5492281474559736,3.435841541988188,40.09260962157466,0.16769791693046227,0.2813348815537528,0.0,Bronze
A074,6,611,400.8237743650984,0.5118890760936871,3.2332611895083168,39.86287208552483,0.20398454322046383,0.2696056303098732,150.0,Silver
A075,6,504,492.23696421697014,0.522214143525727,3.4228647102522336,40.684522894800565,0.09192905978804465,0.2774045875749522,0.0,Bronze
A076,6,623,400.75891787226954,0.5847716823000585,3.457966101166771,52.434882593230604,0.1350329682978164,0.2238445240307531,150.0,Silver
A077,6,575,426.8893195142928,0.4129651176963822,2.8916977934206174,37.49969461227071,0.16958405001740107,0.33712631126289194,150.0,Silver
A078,6,443,530.2857335179807,0.5992511078739748,3.857440319828734,50.70421570063701,0.07738165439580301,0.2919703843169046,0.0,Bronze
A079,6,453,499.50171512136006,0.6060654389239232,3.356751000507836,51.13178636020619,0.10429305074875982,0.22465950833731685,0.0,Bronze
A080,6,520,480.2435391213488,0.5823431948461941,3.607023257072181,43.37595139412588,0.08781492975342688,0.24838256906495088,0.0,Bronze
A081,6,582,488.9742045916146,0.5900430867042554,3.4484677636302252,45.9758457564404,0.148242462874741,0.2790591527119232,0.0,Bronze
A082,6,606,431.965700136765,0.617290229034611,3.5687670267352245,50.845991351904146,0.1564477415645032,0.28944662996583764,150.0,Silver
A083,6,447,514.4247684656721,0.6146138899745335,3.538050214931521,37.39893238532001,0.038439760409150946,0.20935874964391868,0.0,Bronze
A084,6,450,497.21862022043297,0.7163027571941307,3.811877543241394,52.537262405190795,0.02687818356862785,0.2084153549998692,0.0,Bronze
A085,6,548,490.3879251768068,0.4747184135720146,3.232205529678522,36.60653010036052,0.17039748820757333,0.3186065592407799,0.0,Bronze
A086,6,660,401.0235817970075,0.5657903024183882,3.637146704422511,49.5554275917015,0.1783021569431017,0.27062218731377924,350.0,Gold
A087,6,643,409.85758614576866,0.7125747295200663,3.9811726419657893,61.3914354681588,0.17760239616047552,0.14066634618566087,350.0,Gold
A088,6,421,512.3642188198626,0.4573773037288133,3.137567484359549,37.963808385646246,0.11641175152302277,0.3320817787877378,0.0,Bronze
A089,6,407,502.4316797444602,0.5783729121549847,3.3286307048273858,50.10716720202344,0.04521051712850773,0.31423092567072547,0.0,Bronze
A090,6,529,434.1123287680516,0.6529433988587205,3.7605784006385083,50.966871169379864,0.10059792463553119,0.24232249299159686,150.0,Silver
A091,6,592,452.49483904897204,0.5381920533592509,3.6334831967925556,40.58001701675146,0.16685424723435496,0.2537899970574717,0.0,Bronze
A092,6,729,367.40942426079073,0.6062859753289923,3.4606606013606362,38.857168343687746,0.1735146173246287,0.2420917924774746,350.0,Gold
A093,6,442,461.9057971536908,0.6204968365600612,3.605229014057855,41.692646672287054,0.02,0.3048986574056433,0.0,Bronze
A094,6,708,379.8627628207326,0.5000499566585307,3.109943411441326,43.678129817260924,0.2191315608615617,0.3272788935624045,350.0,Gold
A095,6,512,485.2628473729845,0.5055946451819755,3.1953705831441925,35.70512639450396,0.15242712630714064,0.3169629404787397,0.0,Bronze
A096,6,726,325.3019546995308,0.5300595647288939,2.8427561409286195,43.821376161323315,0.22151287034254402,0.29866855161447375,350.0,Gold
A097,6,639,448.0629924040543,0.4668002083164634,3.1918647642841305,38.366415492539666,0.22346748034883723,0.29344580330768544,200.0,Silver
A098,6,594,394.264899937354,0.48813901216293437,3.043289569636887,51.417751598069515,0.1562084738028499,0.2987272597151531,150.0,Silver
A099,6,680,412.56127341676563,0.4229941757182082,2.7602693897482355,43.53350297397322,0.2538111450609278,0.3284646476423613,350.0,Gold
A100,6,520,447.13113939780226,0.6545978842772352,3.8107627195394467,51.36235595613675,0.07503416061558679,0.2546480757710392,0.0,Bronze
A101,6,725,321.2720775617623,0.4717987037117162,2.9044943868859283,44.6079037733996,0.19505324291732196,0.35654808534332055,350.0,Gold
A102,6,557,420.08576133070704,0.6265458574874592,3.559811712847836,53.045758230596434,0.06989465524226485,0.2829318011088101,150.0,Silver
A103,6,627,405.2130584204778,0.4486763756478503,3.2346657037586994,31.31954051410165,0.1924019407856982,0.27794791906697863,150.0,Silver
A104,6,733,340.0543773195122,0.5677723037097161,3.179171930907733,53.226264484769885,0.18401398979339662,0.279610927583145,350.0,Gold
A105,6,413,524.0885762298301,0.5936204239671329,3.353774437191464,48.10650969384782,0.0537054166710882,0.28465473076818376,0.0,Bronze
A106,6,671,408.15251259824805,0.4231667001153356,3.004336696454959,38.047288979705336,0.21081517172793768,0.3492991298582048,350.0,Gold
A107,6,662,379.4270161664941,0.4182983302010776,3.0961622281594563,27.208836263123487,0.18367361090124734,0.3138036550179464,350.0,Gold
A108,6,699,379.81160805347974,0.5658591280321495,3.1664418521856117,48.00389419692165,0.1668643897001167,0.361079625260191,350.0,Gold
A109,6,440,459.70748126741057,0.5370139330598181,3.3994783369212116,46.849048648794316,0.06992528024773684,0.24688188990613918,0.0,Bronze
A110,6,469,500.4740210730577,0.6667074518707589,3.8435284078160845,57.09309332718641,0.03518518884822652,0.20082136585171495,0.0,Bronze
A111,6,575,473.86220227371405,0.5394757637124804,3.009052670368272,28.78433257725701,0.11183006851299888,0.2912175469528551,0.0,Bronze
A112,6,552,502.25833128232495,0.506009863119585,3.365920248552074,32.10121297245602,0.14125220514354295,0.36110014640108157,0.0,Bronze
A113,6,572,437.11527414721627,0.5632062937720894,3.5507022249500264,52.03929275365508,0.15267885403374243,0.2496316369700391,0.0,Bronze
A114,6,693,333.92521264114635,0.4953069970445651,3.046888633492801,35.10294939187544,0.22779831055358526,0.29390235021276423,350.0,Gold
A115,6,408,547.9911914019273,0.6420411300443973,3.9406126618384776,57.17695696467451,0.049314199202451,0.27550235817271185,0.0,Bronze
A116,6,481,468.7437252379854,0.5776773818754536,3.653090795921547,42.277947628339966,0.07327248017615351,0.26839318260318656,0.0,Bronze
A117,6,466,472.35543861799493,0.6013279110451166,3.563220091441372,46.01706215601813,0.11245140474777787,0.24943071994604446,0.0,Bronze
A118,6,707,313.2271881158159,0.479194486390341,2.9898384696405156,42.681791397086876,0.2730940945890189,0.3252911925004652,350.0,Gold
A119,6,636,467.7472761204582,0.5414177381149955,3.2159763455775403,41.163477627930476,0.1072689155546447,0.29160844446088957,200.0,Silver
A120,6,630,462.68048717865224,0.5812942082803322,3.522641267200596,54.186984868181554,0.10824490903696055,0.2983954802569709,0.0,Bronze
A121,6,463,408.7719456782063,0.6006868488831049,3.6165574605536692,53.963003243267266,0.0867087259625528,0.29846932711871893,150.0,Silver
A122,6,637,392.1206718460235,0.5799421155379734,3.3964824551143553,41.25052520080502,0.17841460869088863,0.27723324558497153,350.0,Gold
A123,6,480,554.1460600192302,0.650601345565611,3.4411716264539476,57.40422020649384,0.04156075194689847,0.24851144353510485,0.0,Bronze
A124,6,617,415.52371767335006,0.5092813425186709,3.4298195232106936,46.177562675937004,0.14362561781287095,0.3027107924611156,150.0,Silver
A125,6,697,363.3515077970014,0.4,2.8806060341549657,44.67209434215498,0.21308113025709136,0.3546739166994786,350.0,Gold
A126,6,639,342.35035344431,0.5284873023116634,3.2156916401734725,40.91699038155869,0.20981901783726414,0.2902601982114785,350.0,Gold
A127,6,489,449.256934405024,0.6361372034239657,3.7658837152319067,53.87367332978075,0.12521801908759497,0.24552686416074498,0.0,Bronze
A128,6,643,323.3688249801544,0.5655490265391296,3.5398027512220014,31.502936466669695,0.19310688634150047,0.3096792030091654,350.0,Gold
A129,6,405,565.4639728882971,0.5790517061308107,3.1546882148807858,54.4549984200589,0.06529773148208985,0.313862802958327,0.0,Bronze
A130,6,575,389.2122485886655,0.5800470567348825,3.5250034161334898,57.5001856629757,0.0858079414424471,0.22275458896704436,150.0,Silver
A131,6,496,510.50017479703973,0.5014610023549052,3.025994571203843,27.691100820429604,0.08982181479529705,0.299716233610255,0.0,Bronze
A132,6,439,572.0285966947922,0.6597229718850405,3.8484201389176,47.259731672760594,0.06998905046235915,0.2154499782426268,0.0,Bronze
A133,6,636,369.606040050742,0.4709893526053341,3.0754385374150903,32.50748277921674,0.22331897050686875,0.3022751149632842,350.0,Gold
A134,6,646,317.5787458354076,0.6353623732353595,3.7039588063185596,52.706096033346924,0.19988737643952367,0.2579305369979158,350.0,Gold
A135,6,591,402.6428008012114,0.5943327524999035,3.4474868588376504,52.044812066212465,0.14019328368989248,0.2823500501463127,150.0,Silver
A136,6,618,432.84472078687674,0.4960010365924112,2.9132743018303575,44.39547939237941,0.1663757418011212,0.2982357920546952,150.0,Silver
A137,6,585,412.1606040010213,0.46816542122102867,3.0315093528928276,38.82263514246861,0.19169520324495776,0.25533362146990446,150.0,Silver
A138,6,691,373.28769629955866,0.48893472565822316,3.2450587249732044,45.71902799604233,0.22310323513848324,0.2754747423194253,350.0,Gold
A139,6,467,507.9376357021645,0.6268751821231067,3.793335707997706,46.43560244067367,0.07976349048887885,0.2761449172567623,0.0,Bronze
A140,6,581,435.0100215704865,0.5049399926479556,3.03017142464744,36.591800280811675,0.19407368202864553,0.21581121027976985,150.0,Silver
A141,6,489,458.2729750707396,0.5742062512126932,3.612124980199854,42.0216931663199,0.07416464517879405,0.3059403140653827,0.0,Bronze
A142,6,671,382.58356294826496,0.4529921678994458,2.928304783201304,41.502376270387764,0.26148825061853265,0.3344400325595579,350.0,Gold
A143,6,651,405.21353326813215,0.4855400624466627,3.1974009470775333,39.085379194091836,0.2468230040076151,0.3452692574672356,350.0,Gold
A144,6,645,401.97687034414076,0.6202073644409881,3.527673946749562,56.41839598406802,0.149824258925883,0.24595997861717597,350.0,Gold
A145,6,606,395.0504165593834,0.751860045961958,4.061762540430114,60.508871002976754,0.16848951037588247,0.13741381889452964,300.0,Gold
A146,6,568,420.0963624894966,0.4946030627410763,3.2943421625160147,35.78764541420812,0.1462242545016829,0.3150696541487644,150.0,Silver
A147,6,605,365.5466606403399,0.6108773191393881,3.333905002726073,47.95361754932069,0.17254636350772712,0.29388866606539493,150.0,Silver
A148,6,435,548.766863928273,0.5642792433394455,3.368679921733942,37.308301334991874,0.10321058910666181,0.3020299568296244,0.0,Bronze
A149,6,591,408.03138291714953,0.45331781047127784,3.0826314553575536,30.705281726442387,0.1818058507205107,0.2987921313068478,150.0,Silver
A150,6,749,324.0588700020438,0.49028727543498707,3.4921356191647286,38.93984590762686,0.21957632121787712,0.30648792208988457,350.0,Gold
A151,6,548,399.9302426807016,0.5054389202724584,3.111140117978943,52.20739588158546,0.062259127734404805,0.2818393438276189,150.0,Silver
A152,6,575,416.8033068333918,0.6397177016461664,3.9426406529272247,45.34142279736924,0.14331015610443681,0.2195349254158523,150.0,Silver
A153,6,544,442.0470046311789,0.640316160812083,3.977228498913968,48.531621369316426,0.1310449380763893,0.2725351928105623,0.0,Bronze
A154,6,496,492.2880613523297,0.5889867504196236,3.5443141980742774,48.65886372634345,0.11507363065144734,0.2284793304941957,0.0,Bronze
A155,6,658,398.73565543132975,0.4688474047764612,3.0517681650336255,36.33962293616717,0.21197595637088137,0.28564654517196714,350.0,Gold
A156,6,489,469.9194893748178,0.5015589388571259,3.1293541466983394,39.26571237955896,0.111287877963609,0.2662556554529781,0.0,Bronze
A157,6,647,425.37896110891245,0.5679447728285654,3.4027304135391,52.3486990339639,0.132351570738445,0.22811466516960244,350.0,Gold
A158,6,586,397.0028424724087,0.47426322722829256,2.9151477271800177,49.2374301150589,0.13168913091945555,0.3146871378639611,150.0,Silver
A159,6,451,510.4222186362002,0.7668645405038621,4.112061622352126,68.86564725667077,0.021246454043980866,0.22809927525291443,150.0,Silver
A160,6,534,420.8011595301693,0.6630007882629965,3.9669602149454684,64.71757692317405,0.056753197105393505,0.2292533820074434,150.0,Silver
A161,6,606,413.99739425498126,0.510297860901084,3.1130878219117553,32.435606359128826,0.1862626698168367,0.2507084216226414,150.0,Silver
A162,6,570,398.7779608092003,0.5566482349018912,3.338231442975903,40.78213435663741,0.19661084274147533,0.30253904223150435,150.0,Silver
A163,6,528,496.0085787602762,0.4695734802016315,2.924829416048493,38.31773756574701,0.1222303202813207,0.3627416605403965,0.0,Bronze
A164,6,585,427.6123596597387,0.5713144227899742,3.504466345073356,55.076539258688285,0.1295322061150519,0.25208696115961243,150.0,Silver
A165,6,513,475.1687938991928,0.5609559574717726,3.5004099719812785,49.05132846014739,0.08003211890739183,0.2612609890097594,0.0,Bronze
A166,6,418,467.34601389107826,0.5795916341218882,3.4829810792847216,40.825335851113074,0.0887219803737989,0.28363316525374654,0.0,Bronze
A167,6,595,398.99143853524413,0.6411439494987136,3.60549512780149,48.133575773602274,0.12142029316950471,0.29219863263406615,150.0,Silver
A168,6,365,511.1071486752437,0.5825507796865654,3.4990808909231585,52.80141845416829,0.037617064536898795,0.251384663753617,0.0,Bronze
A169,6,561,467.3458077336008,0.5884661710767234,3.6329821691990185,56.83410147496414,0.10360540684050515,0.2246400381393645,0.0,Bronze
A170,6,576,412.38833659658246,0.4689697152342476,3.086061388220613,39.35551389442497,0.16926417356687193,0.33135467209447317,150.0,Silver
A171,6,693,403.57105091490286,0.43418484988308453,3.044684534310356,31.401072570356952,0.24747281594639484,0.35029810224103514,350.0,Gold
A172,6,584,385.96137724365053,0.6281572582641675,3.628530427438541,56.35441098518791,0.1276679176242364,0.24892104020738984,150.0,Silver
A173,6,729,308.85344028342485,0.586255975684293,3.6011437528006938,46.40594055747614,0.15444061387977204,0.24875361193655926,350.0,Gold
A174,6,443,555.5755691066408,0.5608115727655589,3.5633857070440653,41.06022178126775,0.11911072867158451,0.3055067328235378,0.0,Bronze
A175,6,643,369.8660814259295,0.5199978793133335,3.3006215772545553,51.50608804967474,0.15374572838936965,0.30784192841110547,350.0,Gold
A176,6,548,401.52733036617803,0.5994050387822221,3.733414306829845,45.78705320996298,0.09208778191233494,0.23718491898000638,150.0,Silver
A177,6,420,492.04453988811525,0.754137459485145,4.113771767932647,56.176967549129685,0.02105340541552112,0.1998178581451121,150.0,Silver
A178,6,474,473.7402164692802,0.5509118183547254,3.59030557219136,48.601428076048485,0.11299366170903143,0.23908404669737043,0.0,Bronze
A179,6,645,354.01077199841984,0.5779773662455705,3.5165064126095595,44.32157217316958,0.16828935367279782,0.2893857671949094,350.0,Gold
A180,6,634,360.35679934076563,0.5250753114751135,2.978217475133394,42.32503337096629,0.12896866256891404,0.28210286832846887,150.0,Silver
A181,6,613,455.0462282916544,0.6305859665825745,3.859145421909455,52.79701552236483,0.1898511021015431,0.23469428839542805,0.0,Bronze
A182,6,580,453.1585206830984,0.5040776063813714,3.2489315078066965,50.85881221081309,0.09629937359342741,0.29738272289287837,0.0,Bronze
A183,6,515,411.8134925503373,0.5948665148643689,3.477368245882105,50.75094615202076,0.1112245101574098,0.26326262503415987,150.0,Silver
A184,6,613,451.52657194861433,0.5630571360467114,3.4873624368017713,49.543518854205224,0.16552039113264236,0.3016250474282823,0.0,Bronze
A185,6,435,548.6934080948541,0.5983842479309716,3.5467395085701012,52.89953904865334,0.07683512338860912,0.278379016767368,0.0,Bronze
A186,6,525,430.70639171848404,0.5503064794225848,3.3937560104179454,38.454711154237515,0.1868978752105418,0.275185129867182,150.0,Silver
A187,6,551,444.23524796857214,0.4934437162886554,3.073249194031629,36.311712931148925,0.10683088959382736,0.3255325579761077,0.0,Bronze
A188,6,552,455.8187105111604,0.5274268051314271,3.5479702045520343,50.25884984269436,0.12255836238172517,0.30105139555817756,0.0,Bronze
A189,6,583,406.19129761238247,0.5773195354346674,3.406435364524906,44.46867781015763,0.16009386420421487,0.2562741967375519,150.0,Silver
A190,6,487,435.08229704326516,0.5482425525725134,3.344455535996778,55.0445553041085,0.07768544060388194,0.2769614342239,150.0,Silver
A191,6,773,374.5769173889091,0.5814794691188194,3.3542175136336705,54.717851356376585,0.21207545231207922,0.2629615256871786,350.0,Gold
A192,6,686,364.07549227521025,0.4996088245375688,3.2241338682527387,41.28349056695399,0.18656014167282442,0.31531431048019853,350.0,Gold
A193,6,633,457.5618752639271,0.5609068231254761,3.46546442141254,46.605881577535875,0.14353837688468554,0.26462659230816027,0.0,Bronze
A194,6,415,558.2296141836932,0.7011838890807287,3.9769484298276114,48.093533736956644,0.02,0.2078141687750595,0.0,Bronze
A195,6,634,320.03310319295446,0.5466667720020891,3.1966953229334987,52.76767053612204,0.2068460166787197,0.3403960104821831,150.0,Silver
A196,6,546,513.165398789691,0.5404308628877454,3.1642083149864626,53.671745054685935,0.11450858279535023,0.3120197192973149,0.0,Bronze
A197,6,788,322.66466168058287,0.4010322102036361,2.9532367987611505,39.490072609894625,0.26974098411034747,0.31676909598579134,350.0,Gold
A198,6,543,436.61579144070913,0.5300478581786024,3.5020699840852556,40.762522855984386,0.10410659436015672,0.30510908654682495,150.0,Silver
A199,6,485,467.58278063554945,0.6084100158929673,3.429996592998102,60.882461823174324,0.06575063209106136,0.2601864956124684,0.0,Bronze
A200,6,531,447.56650550226436,0.6436584160891528,3.905988558534774,42.09217929126152,0.09716276985276015,0.25428316882214175,0.0,Bronze
A001,7,489,541.0315672109856,0.6000613594605226,3.427802266380616,47.47013651493141,0.08836342613492909,0.22161338057121324,0.0,Bronze
A002,7,506,514.8201765382204,0.6024962045896404,3.438502358712347,54.2610387070512,0.05589564857444303,0.22222475026094549,0.0,Bronze
A003,7,547,505.61710665402967,0.4521457774324015,2.9678844498397248,40.190342271029635,0.21163624163408837,0.31959538687457606,0.0,Bronze
A004,7,400,542.5073798466741,0.5763907748450001,3.3939330558767513,54.71117507414298,0.039786481733720305,0.2795333791416384,0.0,Bronze
A005,7,600,399.1381917764554,0.5339832794477793,3.226160135953758,47.460598319560276,0.13218246631666195,0.27516800364110655,150.0,Silver
A006,7,673,395.032483887721,0.5445365499270931,3.3686146091485636,40.26264366307554,0.18859959441773239,0.2677802925029457,350.0,Gold
A007,7,412,554.6279596234579,0.5933217187578077,3.727206538119666,58.842064649771736,0.02,0.2448873355015175,0.0,Bronze
A008,7,556,464.67829337841346,0.46229878095808485,3.269954746322232,38.08091070294034,0.12453666425817572,0.31437866880944765,0.0,Bronze
A009,7,636,400.4973249783304,0.4,2.7444566725232757,33.85368156168609,0.1933654349813115,0.26851712943780803,150.0,Silver
A010,7,628,435.31019916190195,0.480578764367082,3.033648822031692,39.31648450511764,0.14492519216747726,0.27472869539007594,150.0,Silver
A011,7,412,499.86633338734214,0.6520034870379118,3.893172878929143,32.88717590231749,0.03680428966148088,0.22038707982141476,0.0,Bronze
A012,7,483,450.3037526397393,0.5855958198639635,3.6045636552323974,59.26098180375463,0.14985787854449523,0.3019867679029722,0.0,Bronze
A013,7,516,416.50493862990396,0.5652558410761077,3.4415428347407704,53.1225642345191,0.1365263187809267,0.24948325431168902,150.0,Silver
A014,7,400,510.49760816364557,0.6983433620063474,3.9638724587004823,58.960345808879104,0.07042040120489536,0.22607669945239722,0.0,Bronze
A015,7,461,470.1136586783276,0.5555675237161545,3.356151524222776,37.99200495296164,0.14993774914583738,0.28456927304146806,0.0,Bronze
A016,7,529,443.8236606808421,0.5510749086701856,3.444636767153882,44.08253448447725,0.18208618291754147,0.3185075317017486,0.0,Bronze
A017,7,558,438.6859652845813,0.5074102168699183,3.153602593631355,33.370630730024764,0.10212187887610114,0.3349132354609572,150.0,Silver
A018,7,503,467.57894475241227,0.522114119529039,3.359317402898417,49.836003264750374,0.06903033031944357,0.2894292631245369,0.0,Bronze
A019,7,406,440.1357253181171,0.6994443128967976,3.6189235895222427,50.474456066884734,0.0378294376548294,0.20595773260559763,0.0,Bronze
A020,7,450,559.1306264206402,0.6219386749523381,3.510565146779244,41.72121076192407,0.0493936294457899,0.23130953693429404,0.0,Bronze
A021,7,616,465.81651548138336,0.5711027628425964,3.3619011193870634,48.36458992197322,0.13811094728017406,0.26432699818898797,0.0,Bronze
A022,7,590,444.7911425092335,0.4231403732898499,2.939247522374628,38.40918446345303,0.14601089331828915,0.317722850054352,0.0,Bronze
A023,7,702,441.11585671678637,0.4713611746651852,3.0047550703796864,41.538821348050725,0.20101765558074774,0.32806435241467286,200.0,Silver
A024,7,394,572.762507465248,0.6152512187513584,3.57223037791383,43.0596023702727,0.05741729762588933,0.26650880702401275,0.0,Bronze
A025,7,564,497.01873271669353,0.5654087980952365,3.2538916163000327,45.04696658982593,0.07443220496557224,0.29159051649625584,0.0,Bronze
A026,7,581,414.2250365193866,0.5807816526560291,3.5307255516137745,45.594993666616666,0.0988478597819932,0.3054658502806734,150.0,Silver
A027,7,639,402.7561923290934,0.5233554342434629,3.2492970946868267,44.07809029934134,0.15541678963786504,0.34654389994462015,350.0,Gold
A028,7,658,395.9792427094519,0.4,2.6060022530011593,25.0,0.23045759086206866,0.3437399018022267,350.0,Gold
A029,7,416,511.196659203703,0.6768102045532993,3.7149610810637275,62.136714431141826,0.02,0.26225983132054986,0.0,Bronze
A030,7,645,351.96685666397565,0.4318732651629171,2.983546762982375,32.40828651526269,0.16617554963888295,0.31670088841980676,350.0,Gold
A031,7,619,388.486927778718,0.7268698563917061,3.884209254154407,65.19189371807191,0.10179072918779532,0.244802266950808,150.0,Silver
A032,7,723,310.4877447933982,0.5265780843033299,3.1528502350880596,41.823021418945,0.16859549317083028,0.32121404099394335,350.0,Gold
A033,7,452,476.22457429905927,0.6968015039974245,3.8445414297186447,51.87244845347926,0.045332301216898636,0.25153187749932,0.0,Bronze
A034,7,447,514.2849982519817,0.6278435222750512,3.6669882674596654,47.01829497580278,0.05948979619621083,0.2516846863257252,0.0,Bronze
A035,7,541,449.35290254080365,0.44505292963949084,2.845565103707429,40.36903928676154,0.12206791328142112,0.301928083224477,0.0,Bronze
A036,7,519,443.39178634759713,0.4978844733921379,3.3139657710055515,45.39390618974662,0.05654772536872243,0.25901035750718054,0.0,Bronze
A037,7,663,375.27055548540454,0.4715690099347293,2.974941787531688,38.25278016307893,0.21217176552667655,0.3101712798004753,350.0,Gold
A038,7,665,415.4490788310918,0.5700623289025113,3.451255183615955,51.77726350445416,0.14060128132182112,0.3179654447064709,350.0,Gold
A039,7,602,420.97106643361406,0.471953143230113,3.077932633087481,36.89175129331194,0.19238221445867537,0.3019233956670326,150.0,Silver
A040,7,643,394.5560040740798,0.5483194478857519,3.277780278238363,43.509263792125566,0.22186004476219656,0.30422601840950086,350.0,Gold
A041,7,572,413.86963192692303,0.6053932243679676,3.3473930730373844,49.79107050989292,0.12406615315023978,0.28316125226838085,150.0,Silver
A042,7,666,479.9063549054341,0.5293277495483334,3.308976715033203,48.58240174196584,0.13916419478047307,0.27975831355285147,200.0,Silver
A043,7,521,444.7969948272281,0.6692254845373464,4.028692170935178,61.20336738489795,0.08746502007939214,0.271800151310647,75.0,Bronze
A044,7,589,437.55649238391265,0.4979423169488735,3.0431478530220426,48.24588409245091,0.15545609338294528,0.2135632508860355,150.0,Silver
A045,7,665,326.32143576053943,0.6118356571126844,3.780296708379234,57.425401889754454,0.156363031437903,0.21858322879278097,350.0,Gold
A046,7,479,501.673031237332,0.5026982119485945,3.1949352427844504,39.18356390289059,0.16457394243259668,0.2714517463298084,0.0,Bronze
A047,7,553,459.6382979685267,0.6044672984046817,3.5480636487964956,50.61161795129888,0.1426460453550839,0.23362162995210561,0.0,Bronze
A048,7,566,406.5781128912732,0.5285427861365876,3.1574493433428388,53.29867117482945,0.17806279147606,0.2986707740809418,150.0,Silver
A049,7,475,485.8133830293655,0.564249662670943,3.325539619283143,41.37139645812562,0.08951430053672094,0.2830012690232398,0.0,Bronze
A050,7,653,349.929830527162,0.6117272695917663,3.4777599482356565,49.9474763843057,0.17166571653958987,0.26712880932854366,350.0,Gold
A051,7,625,441.4691646824477,0.45980478706019645,2.9945930271431545,44.36641453235493,0.13133083875004062,0.333960529999896,0.0,Bronze
A052,7,575,451.48940410582367,0.5308279489730471,3.3204096904277405,54.10562419686815,0.10285778996494374,0.25916568333641166,0.0,Bronze
A053,7,557,476.97638349801025,0.4845647254007545,3.1676665985938675,37.56359071124187,0.15615599810572264,0.2696288278354786,0.0,Bronze
A054,7,711,318.70204194010716,0.5106334618505669,3.47007345613692,44.88482320098291,0.2406191665041749,0.3076362057200091,350.0,Gold
A055,7,521,493.05261527871403,0.5530037483795335,3.2460652244795862,49.49213888750928,0.09372605551108962,0.25989153843879337,0.0,Bronze
A056,7,538,493.47772767373783,0.46145764303882253,3.1272671601599815,41.35383431358214,0.18400188643250892,0.2683026914234318,0.0,Bronze
A057,7,734,288.67298537743613,0.4356889916549241,2.9809578045083804,41.2205763345479,0.19461309908308075,0.35486473187427475,350.0,Gold
A058,7,494,448.4336148976718,0.4535284371010167,2.952164720064266,40.80364414728008,0.06653805016206008,0.36044168235466223,0.0,Bronze
A059,7,496,507.69486927029527,0.5888462955000138,3.618053368738509,37.64213910401235,0.12871437803298807,0.3111763084909543,0.0,Bronze
A060,7,707,341.36418765863874,0.5309916330800858,3.2122798656097005,40.3514070835791,0.16363955565003252,0.2932135784122073,350.0,Gold
A061,7,594,356.72137247624215,0.5156308257577528,2.849974586847459,42.39658424780072,0.2635803946485505,0.312525632576086,150.0,Silver
A062,7,570,463.9214630441469,0.5169889783846509,3.4423672106380834,49.565010003541964,0.1611503018997773,0.3343004553469969,0.0,Bronze
A063,7,440,469.0354816862349,0.6471631971109413,3.504346556799585,43.34956543856798,0.06706516197275704,0.22189224745492042,0.0,Bronze
A064,7,600,373.5450726347657,0.5749165411101392,3.296036067552804,59.15992082908383,0.15678114028425236,0.30335371407756706,150.0,Silver
A065,7,697,342.3609662199547,0.48170942807304556,3.237914785413515,37.44103402770865,0.20727052013320613,0.31557811579507805,350.0,Gold
A066,7,524,364.2562596127127,0.5634840828766836,3.303862891863402,52.576669569160906,0.1311446610740101,0.3020177164196043,150.0,Silver
A067,7,664,391.85439940064515,0.5178806079616414,3.346270159898982,41.06187132352453,0.21011547088086166,0.2984305474416215,350.0,Gold
A068,7,506,475.33232605109447,0.581786910689984,3.6908074943173412,53.60680405386149,0.09441018426599831,0.3061729370164465,0.0,Bronze
A069,7,551,479.39299069434225,0.548673540159886,3.298629527190878,41.49644121484232,0.10932939586491405,0.2872362968122917,0.0,Bronze
A070,7,504,517.321341678154,0.6514145595201999,3.909874394293514,62.43107124728042,0.08473469615887116,0.1949148044078975,0.0,Bronze
A071,7,627,394.01801419632824,0.5055705258036863,3.1514910969524315,45.698065147599266,0.18322683953338664,0.34132958864796714,150.0,Silver
A072,7,673,397.5323662284436,0.44517027539770754,3.3567723843241666,40.55373791593692,0.22986889799369808,0.2935059676117536,350.0,Gold
A073,7,563,428.4946582987435,0.5492562881845536,3.2455123576480607,42.14582853689372,0.10142596132708676,0.317889231033496,150.0,Silver
A074,7,601,351.54391673344537,0.5366748650208627,3.4063073764743566,37.09918285918402,0.21331748554988653,0.28262276754844523,150.0,Silver
A075,7,528,423.4426572330489,0.4725620816468199,3.271998091150124,39.94405107939365,0.16525287616460968,0.34625549689720325,150.0,Silver
A076,7,614,339.62874644149616,0.5330386075717896,3.3456016489567655,38.36443677279034,0.20494978810403447,0.3208276154172871,150.0,Silver
A077,7,604,466.02858424519786,0.4761876295262187,3.064014918936488,34.59541313548732,0.18399299498954802,0.3224292374189736,0.0,Bronze
A078,7,489,498.7342168176554,0.5798105255381995,3.453784900489836,51.034643109822724,0.09914281368918586,0.28333184931353417,0.0,Bronze
A079,7,503,498.33821323783377,0.573850369080279,3.1634328957237448,45.249830686798106,0.09413814105576293,0.2831387108836654,0.0,Bronze
A080,7,471,455.0528000021188,0.547573802387245,3.4130868008944404,45.00783684142514,0.13769595763663767,0.22055573635666964,0.0,Bronze
A081,7,543,443.9594181771507,0.6221688031338359,3.6410405188832464,49.88693768462098,0.108299167021223,0.2546823853134117,0.0,Bronze
A082,7,619,437.1387276445531,0.5687966312024851,3.5075150803317725,62.62991694268862,0.1524383762361322,0.23899942223684909,150.0,Silver
A083,7,436,517.5161376444289,0.5950213938422345,3.0872338202963006,51.121121642773254,0.11044577991397203,0.26712705677547605,0.0,Bronze
A084,7,433,518.6268554707414,0.6770900689304596,3.649878278665579,51.96279953384594,0.03272511033302879,0.19487569603631966,0.0,Bronze
A085,7,548,471.38429157070703,0.46309203097595386,2.9865514725619366,25.90259060456939,0.12389930608679774,0.27921462937283614,0.0,Bronze
A086,7,629,364.42308128625746,0.6242538368647625,3.6067165010496227,59.72720139605411,0.18826205116818934,0.298446500306712,150.0,Silver
A087,7,594,450.6875758162191,0.7303949251535596,4.03663196813538,71.99365400849287,0.12312811099966181,0.23992545158230183,75.0,Bronze
A088,7,487,471.0403014333418,0.5547251985470526,3.3360415877139107,40.414741637585834,0.12085230487319809,0.27798564303285433,0.0,Bronze
A089,7,387,578.726314380439,0.47055367103935397,3.3310254427678827,39.0893929455094,0.04621166699577454,0.3173215910917291,0.0,Bronze
A090,7,536,483.7726170201185,0.6626783843459694,3.5961044444353565,55.465294316044876,0.15245728111534057,0.227491165489322,0.0,Bronze
A091,7,535,429.93008378043606,0.5309743725907377,3.363304692520594,36.52382944620867,0.12626246251639175,0.30470654224309063,150.0,Silver
A092,7,737,406.0222124013087,0.6717717697315135,3.803226565495358,47.16113838916729,0.23297837030847204,0.21100966111093042,350.0,Gold
A093,7,430,439.42287498506624,0.7302287164426275,4.0075226868226075,65.77694214590441,0.02,0.2377207213089877,225.0,Silver
A094,7,657,362.8726747750823,0.5651800730800686,3.335572971969413,43.93106341243702,0.14421038200975606,0.2663353655375493,350.0,Gold
A095,7,542,430.0716505357587,0.564337455039188,3.663721202173459,36.899880108036676,0.1342051820863438,0.26166960810938794,150.0,Silver
A096,7,669,372.201258370889,0.5707657365620259,3.4800271513228145,43.25992499947873,0.19576118667553874,0.27234509592973494,350.0,Gold
A097,7,619,381.52115331430656,0.5789390253376362,3.246614293305225,43.18266534096942,0.14471965648203228,0.2506899849671772,150.0,Silver
A098,7,638,418.5827527963883,0.5378301374970469,3.365957650673219,46.03200969801693,0.12202036413174006,0.2947284154860757,350.0,Gold
A099,7,699,369.2397875648195,0.4426995650624287,3.1351992656103986,42.84360308104757,0.20333219846065018,0.30679929629562647,350.0,Gold
A100,7,546,448.7540944913967,0.5934272608775615,3.4395885557967074,55.20017559452271,0.1313369009209259,0.2766848037335405,0.0,Bronze
A101,7,701,363.730259429287,0.503387348144776,3.352602641588471,38.61436306114491,0.24298241461097006,0.33512525690943384,350.0,Gold
A102,7,560,425.77122230781674,0.6232555295142201,3.66325257724442,52.0966191724966,0.12439462117192032,0.22911813759006672,150.0,Silver
A103,7,707,375.4084568210262,0.4,2.503190061337069,25.0,0.22014122739703476,0.3360827362811448,350.0,Gold
A104,7,721,435.74996421170596,0.5452269560203369,3.4489345931955917,45.620633864283015,0.19830923592694452,0.29574913898292793,350.0,Gold
A105,7,388,515.9536033861491,0.6143365136796675,3.5742568721393724,57.474774876167416,0.02,0.2411896738786908,0.0,Bronze
A106,7,649,331.60528570340193,0.49568888739459105,3.186342083067907,34.47908070645181,0.16087162392262083,0.3156540618669635,350.0,Gold
A107,7,659,359.29943656874445,0.5104386585871721,3.3072622053985383,32.61554827521948,0.21336775616228107,0.3124865023846834,350.0,Gold
A108,7,645,343.77667922085806,0.5878575827027055,3.464635146928138,41.776910150467586,0.17382657826190898,0.29735482020774695,350.0,Gold
A109,7,423,535.7686417247039,0.611139731085208,3.856513874324266,50.900929903575395,0.10659862123557036,0.23736440618336943,0.0,Bronze
A110,7,475,498.37266038049114,0.5936152036804316,3.5232330606503366,51.453134885315954,0.11118378297032572,0.2342706613209131,0.0,Bronze
A111,7,584,488.4996852581744,0.4287064239685158,3.1132052514846693,40.736275033581336,0.15941246079616844,0.3192901087256813,0.0,Bronze
A112,7,583,442.8488678927215,0.45546665789764845,3.177837888578488,26.47457904193563,0.1559681326696502,0.2887807666545276,0.0,Bronze
A113,7,449,456.9217217531274,0.5576420733961203,3.4048747886718047,47.12363040445619,0.06825053833580985,0.2938781167629768,0.0,Bronze
A114,7,703,377.04613938790175,0.41485366814231844,3.019700036148986,32.025808071138876,0.23441692318684543,0.2992059937377803,350.0,Gold
A115,7,445,527.0133410599619,0.6529491499042274,3.6773199347534025,54.87257317499424,0.04520421598189107,0.3088108325858897,0.0,Bronze
A116,7,525,483.40791774954045,0.5965846288373414,3.4839088424221676,43.97848842454288,0.04657560121629928,0.30024398431227595,0.0,Bronze
A117,7,488,512.6906916090898,0.6286495369848858,3.4596478540575744,47.240632537575195,0.05159482465987825,0.24891745829405507,0.0,Bronze
A118,7,678,374.12304165456464,0.4399967701939539,3.032729723125878,40.70481026950385,0.21332940137647927,0.35002312671235775,350.0,Gold
A119,7,587,436.61214144740563,0.43979103872909237,3.1012254148241647,31.856766829960968,0.17076977060268655,0.2749795285790393,150.0,Silver
A120,7,627,446.79044858190093,0.5809841106464708,3.6915849631401967,61.19666022761146,0.10530359777146517,0.34330755568339844,0.0,Bronze
A121,7,476,492.04014968559784,0.6237550135398223,3.7809700474961474,56.95815051228197,0.07069172170734828,0.2327915562180564,0.0,Bronze
A122,7,557,416.63280490408613,0.6032583141372263,3.487284713297695,46.95429329875278,0.1527669068741534,0.25508175192812865,150.0,Silver
A123,7,455,539.8844856115079,0.5992795685225975,3.4389595888964952,57.26933880798349,0.05714110971538328,0.20461017397530795,0.0,Bronze
A124,7,582,409.8542168665927,0.5455171326475617,3.401364611117693,36.402227027432346,0.13129877289345815,0.29638176608320216,150.0,Silver
A125,7,718,352.39759741925576,0.4555043173153871,3.165334486921315,29.820405629563965,0.21183301046644532,0.28460794836153186,350.0,Gold
A126,7,698,315.2554852975854,0.5385359674769288,3.3923734286909526,45.38952011785865,0.17409846463545978,0.28763528585620934,350.0,Gold
A127,7,481,488.37128052667646,0.6484175042439151,3.865657904890187,56.588610575939235,0.10070468636095255,0.2243047653146978,0.0,Bronze
A128,7,709,318.900130070422,0.46689870481223517,2.999527675306761,37.82817339122191,0.23337122991347764,0.2809082000271956,350.0,Gold
A129,7,414,547.7521764480449,0.6039625666386965,3.5605630773475014,55.91853893761924,0.02,0.23428412829164283,0.0,Bronze
A130,7,523,441.22456294107917,0.5966338739243364,3.4373816054228112,49.66975773797924,0.15487730649336506,0.268120091452831,0.0,Bronze
A131,7,522,537.1212222284088,0.4914312846121722,3.2248211110987985,40.48598674574949,0.10581258774694212,0.26498275696906637,0.0,Bronze
A132,7,410,525.273692598113,0.6258112499499644,3.62940819880688,56.67059200884091,0.09133678062595957,0.2272111498893069,0.0,Bronze
A133,7,626,407.04328045525153,0.4438593204490341,3.0412368036257384,40.301164907800406,0.17639706395169213,0.34235447325832075,150.0,Silver
A134,7,691,378.97289791206083,0.6807076039200555,3.765287176375622,55.80860258593314,0.11354774503866097,0.3057913546782072,350.0,Gold
A135,7,634,407.74149455280826,0.5679780304315604,3.432615574762749,53.49620304124304,0.19173314068380723,0.28713645241396596,150.0,Silver
A136,7,598,396.45339820751093,0.5207836159851172,3.118034374893493,41.67963563330249,0.18781062429685233,0.26416870434063444,150.0,Silver
A137,7,592,436.1326121850027,0.4987512563528253,3.3451253785302675,42.02196707710077,0.1680373593440856,0.2894860723567005,150.0,Silver
A138,7,714,346.052795529245,0.5110821261681961,3.235734089850467,50.251362662544274,0.20259000556824672,0.2965148197172989,350.0,Gold
A139,7,556,482.9511661671699,0.5613538746660839,3.4114114320459707,51.38644719456476,0.1109371091102282,0.2649757016144952,0.0,Bronze
A140,7,609,419.0611710005466,0.49765460402842965,3.060673563140313,35.946989764655186,0.16498636011879644,0.3280299033907361,150.0,Silver
A141,7,521,523.7192838506585,0.5697277723789452,3.298096255899679,50.677801662269275,0.08653837595858566,0.27863309553884863,0.0,Bronze
A142,7,652,338.29591954377247,0.531202411592451,3.405238823147504,34.04467865597433,0.23290147283971854,0.3147546069103157,350.0,Gold
A143,7,677,383.9880239054379,0.43422463201225936,3.065565658351641,32.99404037171976,0.20600427702097016,0.31687683348616735,350.0,Gold
A144,7,608,421.0726372017538,0.6064297748027798,3.337269725793019,53.0965197555352,0.1499998777551753,0.29719309667052574,150.0,Silver
A145,7,637,380.59844557081817,0.6772281319489856,3.928377355352572,64.16002838940675,0.12070325403401556,0.22411417969195938,150.0,Silver
A146,7,542,506.5723558112196,0.5048925182766616,3.396923963022457,29.775842458264364,0.1340199936238382,0.2689072966151956,0.0,Bronze
A147,7,575,446.3213283083657,0.5315155241520937,3.3790202408344885,53.135951334958186,0.11497876274981733,0.35271340177042915,0.0,Bronze
A148,7,429,534.7744818245833,0.5522226592643531,3.66543009951552,31.14229768922414,0.047777881870553665,0.22436160388542525,0.0,Bronze
A149,7,603,461.7738526372748,0.47755279088013036,3.1982469344955606,52.719538049862386,0.07480745359900715,0.28681672188880003,0.0,Bronze
A150,7,702,321.4490761296524,0.5260198361350686,3.017337875680113,49.452981229801296,0.2095252773741366,0.2707812299910607,350.0,Gold
A151,7,572,480.89856573968865,0.5624880313102397,3.5199060943141927,48.28974842851194,0.1109415611639931,0.35025397566760097,0.0,Bronze
A152,7,558,470.5326058420761,0.5348327890967114,3.4226608493530706,48.65424154983781,0.16271437150418633,0.3402726508857108,0.0,Bronze
A153,7,532,480.07798107685096,0.6632402356974114,3.6806826668814265,55.140506725206414,0.09828190621377125,0.2795217500303014,0.0,Bronze
A154,7,534,475.85680339950113,0.6335722418437741,3.7566390658364885,49.78649005258709,0.09713483409176843,0.23665134339120036,0.0,Bronze
A155,7,653,386.71510828453694,0.4576791646714545,2.8054537440235285,39.57943078982841,0.13145134455762172,0.38971367424667147,350.0,Gold
A156,7,523,428.0398728342541,0.5170006509529339,3.3914820512502737,40.31500730515118,0.1258217452462677,0.30425029973405554,150.0,Silver
A157,7,655,399.3851311426285,0.5720570824644304,3.271961940555577,41.049728186776285,0.1412711340194706,0.30049506812332144,350.0,Gold
A158,7,580,402.9203447367376,0.5216517186690859,3.1158355011420817,44.8716322900255,0.11029647838981764,0.2967301739655519,150.0,Silver
A159,7,404,470.53650216235485,0.7347144332250154,3.984494885544247,57.17413770349215,0.02476183373968358,0.2046302295702963,0.0,Bronze
A160,7,483,435.2132004519296,0.6399420559605347,3.7543392953649004,59.07252372247539,0.10442898575730056,0.23646981739799475,150.0,Silver
A161,7,632,425.33648067530584,0.45525925643313636,3.0843023674482835,38.24694943888646,0.1788421820116007,0.31160709762417055,150.0,Silver
A162,7,551,434.3185923532903,0.53702869511381,3.236439007537049,47.538205538353175,0.13758748032514365,0.3034432714148183,150.0,Silver
A163,7,511,480.75874013168976,0.48871592133387914,3.1454860577772203,42.77293524623652,0.11793853254207486,0.31552962542970997,0.0,Bronze
A164,7,560,411.55946760518157,0.5363911322977928,3.167773152725326,54.09329747184595,0.11462529299361174,0.28449940597477236,150.0,Silver
A165,7,498,507.6524024288376,0.5666696312150509,3.4690209072989866,50.01902463015208,0.0714892708963341,0.31861786729494523,0.0,Bronze
A166,7,456,494.3018457832628,0.6000712929977496,3.713586617862652,48.218746296425465,0.09781171873069139,0.1709688907386782,0.0,Bronze
A167,7,619,384.3505704152653,0.5685273765469856,3.422340645927409,56.77504444432907,0.10470829042662186,0.2878856668188416,150.0,Silver
A168,7,416,540.7998757918202,0.643841321892095,3.8672744168216884,53.59756541263987,0.051802729283007776,0.26399563244293134,0.0,Bronze
A169,7,546,514.7487422942888,0.6712786015029154,4.045804487644734,56.56435144382908,0.07842582473698557,0.2658974454464889,75.0,Bronze
A170,7,546,452.17588765258444,0.5428777193831242,3.2409535530650175,37.61883560929027,0.18774030390572424,0.28090276901514943,0.0,Bronze
A171,7,688,352.79155113754234,0.4381650959741036,2.939973854851716,41.728824357542486,0.2625793616432139,0.3309715636318773,350.0,Gold
A172,7,550,390.4049500488123,0.5733176912726212,3.771966004647533,51.63750621468788,0.06446296896860815,0.30025137499039317,150.0,Silver
A173,7,730,326.46666562795957,0.558620539839807,3.585992531444388,56.01868111266796,0.19015009145034878,0.3212867761924826,350.0,Gold
A174,7,453,512.3073975603014,0.5718904945250706,3.2073823572555153,41.323663991557645,0.0743387932815037,0.26222772263460875,0.0,Bronze
A175,7,673,371.29281712712344,0.536840511721713,3.37806530749558,43.77491907991788,0.11949433480704896,0.2932730688051416,350.0,Gold
A176,7,593,391.0121511510804,0.5747482693525929,3.428283903307933,52.39302608255529,0.09398695851617135,0.32045791118942557,150.0,Silver
A177,7,442,459.9554313268822,0.6904789712445343,3.9707844012802815,57.500385498257096,0.1274246356091312,0.16008759922582075,0.0,Bronze
A178,7,480,531.6381375623492,0.5494171439837534,3.3249476023857727,48.74559232307865,0.11827271028122875,0.2595327644120611,0.0,Bronze
A179,7,634,422.1069097788828,0.5595253691130396,3.3023350837987477,34.963216131576004,0.23248524054771602,0.32016493171287297,150.0,Silver
A180,7,717,366.6337485885892,0.47036287009052036,3.004921453200482,44.27501979846137,0.20430067928902643,0.3446309869720409,350.0,Gold
A181,7,645,392.1777237388588,0.6285623047148019,3.521669868609791,47.720278138362964,0.15325467281552033,0.26424843444188006,350.0,Gold
A182,7,595,425.34789414551733,0.4907806166318537,3.291473624097934,35.27205657097683,0.12803448161717093,0.2902298471539849,150.0,Silver
A183,7,480,511.7100018201722,0.5736312908878133,3.3284398658264025,44.95771861900803,0.12468295480907271,0.2440929286753121,0.0,Bronze
A184,7,582,414.0723546152754,0.5112022669882305,3.1766110924540194,44.3118043177919,0.17149060946664182,0.2777826246274366,150.0,Silver
A185,7,402,558.850525900033,0.6017381008829001,3.3476516067979882,50.00560215603679,0.032947550466507755,0.3057450062714007,0.0,Bronze
A186,7,524,402.24758423360146,0.5268164245859348,3.4222301553409333,36.98403021814798,0.08814753649916005,0.27042014949096566,150.0,Silver
A187,7,529,492.5579336869031,0.4699681935654006,3.3256118038473153,37.315098139047954,0.24640401499250578,0.31505541150102945,0.0,Bronze
A188,7,542,435.38430471587844,0.636277757542863,3.5962034932281055,57.23875621040531,0.11989808789333248,0.22287766763700242,150.0,Silver
A189,7,586,439.15671956079143,0.5270821129135619,3.2644887313457116,44.265397593032986,0.1586117562600628,0.31445037573754603,150.0,Silver
A190,7,505,520.3076655395537,0.5908427068286732,3.6572871244618557,58.50695808787419,0.06807298394221213,0.24750112885813746,0.0,Bronze
A191,7,765,322.93325913501155,0.5804191570865126,3.6698448868047233,58.29216524236,0.1983235315047398,0.2649045204607625,350.0,Gold
A192,7,693,359.0703169688115,0.5271848348047156,3.318317800517922,49.023274102370884,0.20081839618608752,0.23862460208682898,350.0,Gold
A193,7,621,436.08560863483916,0.5963603160017752,3.414855831772876,55.66353045478344,0.1953738611265038,0.21305482651314173,150.0,Silver
A194,7,433,518.0719304625679,0.6494137088011156,3.4987787002182027,51.73666657586195,0.04052954216269158,0.24046471227919894,0.0,Bronze
A195,7,667,323.87984092160957,0.6485469413132843,3.4718560309140156,50.77478700033103,0.1423288560266916,0.20082650881875344,350.0,Gold
A196,7,473,454.5651359150661,0.5851281369568021,3.4936405694487274,50.63490555542639,0.09588314351300602,0.32910134439731425,0.0,Bronze
A197,7,737,297.89300568712184,0.5428681262499075,3.138422215039839,41.43736201004034,0.22827588473419602,0.2210070561366695,350.0,Gold
A198,7,462,477.3080742579355,0.4507993723131512,3.1192769265329114,44.74550454097822,0.15613544657182765,0.2956749921148164,0.0,Bronze
A199,7,465,513.4014869984451,0.6242314300851471,3.5819659587495707,60.84825771315385,0.1205892680940214,0.25080845398396767,0.0,Bronze
A200,7,600,440.972274440139,0.6193760281584452,3.435584330250676,48.95320372675939,0.13273797186456096,0.24129560060274843,0.0,Bronze
A001,8,452,492.9880889419898,0.6883090044112072,3.878266132985447,56.02519865929008,0.10674054112880904,0.24950612352757306,0.0,Bronze
A002,8,442,484.31341598324684,0.5993434070316105,3.357469870630003,37.55825252235581,0.09135318429242233,0.2855691459240194,0.0,Bronze
A003,8,507,474.9237526144431,0.5358002905310499,3.6136676886846337,34.56114327950053,0.16193704333433775,0.29488358266142356,0.0,Bronze
A004,8,393,539.8814277017636,0.5763640194505182,3.4304484339945387,45.38759686857592,0.054565551523699206,0.20546081568824942,0.0,Bronze
A005,8,627,429.3234357101005,0.5088798672574223,3.350693764887044,40.15905073425013,0.16205546574926166,0.2656467383434731,150.0,Silver
A006,8,668,379.0782051080544,0.5110566785349854,3.3410994158530447,47.697895762932625,0.151685202064016,0.3006897911137992,350.0,Gold
A007,8,444,538.7649681948662,0.6242207810458222,3.6502430526407648,46.914158450605626,0.02,0.254377227665425,0.0,Bronze
A008,8,562,485.3634579335553,0.558638489061569,3.485075770749765,37.566885467930206,0.19402676543459793,0.2698621579808118,0.0,Bronze
A009,8,672,404.1492976975887,0.4698324224877487,3.1054553761120047,34.21525883684917,0.13526348880511113,0.3231345470921479,350.0,Gold
A010,8,543,395.9473213307789,0.511783133104584,3.0035902384531354,46.29786420787583,0.18169373211424528,0.2956362979887237,150.0,Silver
A011,8,420,524.0141010375496,0.6529841149817387,3.6680226701020784,47.5689148243333,0.09553207605762007,0.24242946797384535,0.0,Bronze
A012,8,544,452.07724650122924,0.5250114516691756,3.247451993710278,55.91807471292142,0.0885911652348137,0.2708234593473693,0.0,Bronze
A013,8,529,435.95080102571666,0.6092087166576401,3.498476093803443,54.17052149111598,0.10230633232816469,0.28577684292059163,150.0,Silver
A014,8,495,568.8831806767677,0.611048553666807,3.4995544753515264,57.92851828538227,0.046525926207522834,0.24265743027286568,0.0,Bronze
A015,8,532,475.3700862207293,0.512535313439316,3.41330210227117,32.853318222947166,0.10402788012325653,0.25506640213365483,0.0,Bronze
A016,8,520,455.99123607992016,0.5421494476622486,3.5909907323857904,36.09249107802485,0.12798763076937794,0.26001025055053867,0.0,Bronze
A017,8,539,448.2339722533065,0.5064910871918005,3.3557778869832275,36.88955241635193,0.13476312432381254,0.2869495793824204,0.0,Bronze
A018,8,481,467.98204635509904,0.574319792722595,3.6560744125787106,44.03962213370095,0.13918705637671153,0.30009216656202736,0.0,Bronze
A019,8,458,474.81977944388456,0.6981300264842526,3.8178775128719318,61.60625324728686,0.10463909511363978,0.2194799494532552,0.0,Bronze
A020,8,366,564.8916796961522,0.5119145367575515,3.2148355214301603,44.52015119006422,0.059483813677129155,0.28964973872801,0.0,Bronze
A021,8,596,377.0921529196892,0.5786187067803787,3.2967298918602927,44.63366759693245,0.10553334637699424,0.23109261454496965,150.0,Silver
A022,8,533,471.8415455156908,0.5130025668195152,3.3652702300874773,33.6139655128612,0.1437049247930685,0.31836345096708124,0.0,Bronze
A023,8,662,413.85370636201264,0.4282787743582344,3.0353510754249897,42.23816013373197,0.1889187283836972,0.30912992563600467,350.0,Gold
A024,8,442,495.4564143070461,0.5539935475436641,3.407312311139423,42.9265271007682,0.0715246022106291,0.2754017452142943,0.0,Bronze
A025,8,458,405.6143631106859,0.5762729966410042,3.632622267532396,46.083780829651424,0.06587685212579938,0.3138962936500543,150.0,Silver
A026,8,656,382.67229685603803,0.5743854084816943,3.466010007808025,39.51432937040893,0.14103945353235578,0.2855087365388014,350.0,Gold
A027,8,647,394.8011868389165,0.5183780659683128,3.115574841332887,39.99283691653632,0.20052313493499022,0.24380115218121962,350.0,Gold
A028,8,719,450.4740064992774,0.4,2.8032428808290675,35.63487664266605,0.27510201542263263,0.2869146929094258,200.0,Silver
A029,8,393,539.2444864380521,0.6699069630005628,3.945593747973668,59.50140690447035,0.02,0.23010790129619746,0.0,Bronze
A030,8,652,354.2147897325558,0.5483388519402018,3.417218466177501,32.90820055500589,0.16006906179966918,0.2442822407776751,350.0,Gold
A031,8,657,353.0371410086008,0.7386221849218381,4.052961271418947,58.52784950438274,0.21503846922132444,0.22400752846025468,425.0,Platinum
A032,8,699,342.8234306032578,0.5356687909177361,3.5932472934578112,51.2812339604194,0.22602424193805928,0.2870003755818549,350.0,Gold
A033,8,509,512.6993177737137,0.6694806176183518,4.05366271904789,52.22851162476966,0.04109676891033768,0.23716929602337516,75.0,Bronze
A034,8,464,474.83581400279536,0.5737387631850902,3.4985513395593073,42.77525644394171,0.11775347431301447,0.24930219927669334,0.0,Bronze
A035,8,593,448.1569420280959,0.4840537290697186,3.0434763433355494,38.433629337277274,0.1438013540811024,0.35862001803071375,0.0,Bronze
A036,8,503,464.2248804087498,0.5949161158153855,3.3233034460971203,51.4986842962916,0.12182295597140219,0.34731136551415953,0.0,Bronze
A037,8,700,337.19305168334085,0.46822032694195237,2.9970402025991616,38.04903996609134,0.22155858232705675,0.3043543275105176,350.0,Gold
A038,8,588,394.25275840622896,0.6595720609288361,3.8005965891496674,49.036572608517396,0.16933287136542025,0.24676235308091554,150.0,Silver
A039,8,576,478.0376287448722,0.47689240540212763,3.416725900018646,37.11801454977255,0.16177123041148883,0.3121655581310783,0.0,Bronze
A040,8,671,381.6127424574656,0.5376407164156306,3.379202193726318,54.4190997054255,0.16626309675751688,0.2771531075305157,350.0,Gold
A041,8,512,477.90634721483764,0.5152602066305944,3.475107376657364,48.76850960720235,0.18430455617754327,0.2689338033157783,0.0,Bronze
A042,8,657,401.4655445800976,0.48842051183680774,3.1377406604663314,43.28705802568946,0.13484274209275443,0.2720827556408626,350.0,Gold
A043,8,507,478.5713005856378,0.7147715857177054,4.032856521269764,59.152497192322414,0.03524870363058522,0.1800234477471521,75.0,Bronze
A044,8,541,442.45961562223454,0.5739018583563771,3.5875118465448312,45.34852787627838,0.12834927021979514,0.28259645742392353,0.0,Bronze
A045,8,623,387.10069942366994,0.6221896408292269,3.3071251794724463,49.38881789655828,0.1232382246665389,0.2355339093222002,150.0,Silver
A046,8,448,485.1863195803573,0.4875909044431553,3.116387767748644,34.848472858553066,0.11491150305178065,0.22761485271852194,0.0,Bronze
A047,8,590,437.8775488167351,0.6148580967967177,3.6968986300511473,41.44687277370943,0.14948984126969247,0.2674025078992626,150.0,Silver
A048,8,584,411.3795840979946,0.5325699109965649,3.3767433419693464,52.067706210117336,0.18051366196489566,0.28582419712744933,150.0,Silver
A049,8,487,575.9020493505018,0.5762277170843422,3.367362259976552,41.106691675869335,0.10994925971929204,0.3099091032082975,0.0,Bronze
A050,8,679,387.36404048573814,0.7022870723120589,3.472192854965936,62.04334504491445,0.14222682129831016,0.2302788429879067,350.0,Gold
A051,8,594,389.2177110288198,0.5983752073021297,3.4427761747340515,51.63289417246946,0.15672203055996348,0.21628970918983917,150.0,Silver
A052,8,559,425.5935067068019,0.554217460963851,3.385783445754323,49.32743939337189,0.12884611238825228,0.2114227163925601,150.0,Silver
A053,8,549,416.000813822821,0.6257651172491105,3.442711181325877,45.44672875242345,0.09294146878298906,0.22810978157021763,150.0,Silver
A054,8,801,399.81531601042684,0.509694637781487,3.2761809371885913,40.124629707370175,0.24747372306104923,0.2773689222665956,350.0,Gold
A055,8,492,494.11875670150164,0.5320119801738583,3.43899532657893,49.029845488783295,0.03477872219527726,0.3154899839604617,0.0,Bronze
A056,8,537,496.2160163741615,0.49774921018541285,3.31627367722742,40.98105633619412,0.21220049763134174,0.3006341879571477,0.0,Bronze
A057,8,705,326.08438687340237,0.45974554492259423,2.687680493829508,36.80310056994939,0.22522678169829224,0.35011243697391753,350.0,Gold
A058,8,492,492.67305194064835,0.6001937938888411,3.361624586331113,39.85273065560594,0.09022537127453123,0.22017749077338455,0.0,Bronze
A059,8,510,498.52267834996206,0.5267996156436981,3.288267390833423,45.955005181536684,0.0987359858236248,0.31823808527393416,0.0,Bronze
A060,8,717,359.36512004103685,0.5739734015987631,3.4926045849557794,47.88321456428722,0.16647136364846565,0.29204031396342234,350.0,Gold
A061,8,573,392.0595533107355,0.49566389348830314,3.2695812709305603,39.48531007226052,0.2304701544841668,0.24118741926174286,150.0,Silver
A062,8,608,457.6317382356141,0.6147871142248776,3.682973261509709,46.81256098609101,0.17388980398337214,0.29376368954787213,0.0,Bronze
A063,8,453,540.387797969335,0.5620408886872746,3.4331143875598134,44.881251699422556,0.02293901408622661,0.27798739927808075,0.0,Bronze
A064,8,657,391.74166024564244,0.5248287878124465,3.278368854732337,48.18394953065114,0.217371605497325,0.30182981999107655,350.0,Gold
A065,8,713,363.90669923191405,0.5294584534495798,3.1764139401802574,42.44902711726492,0.2574726568832404,0.26226973524731545,350.0,Gold
A066,8,549,462.3623737605872,0.6432870372175634,3.7730993969148092,44.513415928444765,0.12180406736590613,0.2809425955006338,0.0,Bronze
A067,8,672,460.4071844909314,0.4366496871940702,2.89792666907835,31.882087890985524,0.21595692116311904,0.2897645552452058,200.0,Silver
A068,8,545,463.1971776230359,0.6127445808733938,3.7137613970620795,45.32447220791667,0.10766283622417147,0.2798649282018608,0.0,Bronze
A069,8,537,486.081580264804,0.5988764887390641,3.5724659096379385,43.821352532729165,0.17670136039391907,0.2850676287816345,0.0,Bronze
A070,8,371,446.68833330622857,0.7216571964575332,3.9243013248589795,61.55727452569372,0.02051745323207056,0.18211209857182004,0.0,Bronze
A071,8,613,380.893933045754,0.5689054402556312,3.33314215273988,50.503438133528135,0.14607200894712744,0.33193903188042473,150.0,Silver
A072,8,630,340.13266297062756,0.40792995365311835,2.6682810540886184,41.792537857474684,0.20946351866586763,0.3437738729452782,150.0,Silver
A073,8,578,487.39643784663014,0.44793498106471474,3.015729758573797,45.056191016678994,0.09867254100565326,0.3404427858822448,0.0,Bronze
A074,8,691,317.2817346652061,0.4821778664692602,3.0228918884375444,31.191554647823967,0.2629115385023648,0.26131522955222325,350.0,Gold
A075,8,504,450.30520782090423,0.6096254377692931,3.1953433781439093,48.68141413974427,0.08317740554320653,0.3196817249825397,0.0,Bronze
A076,8,632,293.68086201753994,0.5330758212622333,3.231931093134303,53.77968727886334,0.17046023066979638,0.250032963288354,150.0,Silver
A077,8,566,410.80236834400534,0.5274256670492273,3.402535530696362,37.61444258004514,0.10973920121384795,0.319776326163287,150.0,Silver
A078,8,449,529.4429535974562,0.5419436582790526,3.480116971194358,37.994664195242414,0.044498008853318415,0.25337938515042807,0.0,Bronze
A079,8,491,531.6631808321761,0.5838946197968894,3.4668241073861843,47.30433162622781,0.10519567752439601,0.24787248799581374,0.0,Bronze
A080,8,583,474.9293640009355,0.5807530143809364,3.495267284680777,45.815937869589156,0.09411084915655564,0.2913614155641889,0.0,Bronze
A081,8,566,422.04462968080065,0.579465143317501,3.368071455532871,41.000934710512745,0.14632648953304805,0.2990405240832543,150.0,Silver
A082,8,622,428.2094203805169,0.6117477428615261,3.6229239443070065,46.34547647080761,0.13559917979481836,0.21716237538196648,150.0,Silver
A083,8,436,531.2039262967799,0.5410520826838736,3.6240820792302593,44.058330635777864,0.10536222796681469,0.3162933319981604,0.0,Bronze
A084,8,479,501.4058143854684,0.6879579176200075,4.001651709285297,55.659088592672774,0.09126064007784221,0.25616624780599284,75.0,Bronze
A085,8,488,434.1772457961139,0.48529800828046255,3.209295365676099,33.529116635144455,0.13214026614882599,0.2777421944224682,150.0,Silver
A086,8,669,339.2832370381442,0.5624778241663766,3.2959502132597365,47.512076426820784,0.18763936877926712,0.32296829814118266,350.0,Gold
A087,8,621,356.9355830862592,0.7304722821363681,4.030936896598553,55.13481408109401,0.1354316039055488,0.16410535829801162,225.0,Silver
A088,8,490,515.6743919994286,0.5439016300340324,3.1139448944200425,37.29837059110885,0.11995835210412643,0.2636961705030586,0.0,Bronze
A089,8,412,542.3889311267359,0.5636818672170141,3.429574632673142,48.10845932649025,0.060240912661513775,0.288897331835954,0.0,Bronze
A090,8,489,510.4031999611407,0.5960860246053399,3.6724433727834387,48.89931124481873,0.10661042142754443,0.2359586016167859,0.0,Bronze
A091,8,576,455.86748865752463,0.49614808028867385,3.30606892922955,28.70388551730897,0.15765055121136984,0.3094553404549107,0.0,Bronze
A092,8,652,275.9156860678971,0.5947282071280046,3.512690726945181,45.362582616082484,0.19882352273104056,0.269340999512897,350.0,Gold
A093,8,396,502.74543799287306,0.7817105038375858,4.189921135390503,55.95385561284447,0.07759818020299081,0.18170357036728405,150.0,Silver
A094,8,685,335.0251838090285,0.516880441688617,3.176003329100771,43.59487116037918,0.21747236128363237,0.31821983948226995,350.0,Gold
A095,8,550,437.3469889254849,0.4477551582277817,3.1491958635625865,44.42314168001353,0.14810659657917885,0.31404711292915816,150.0,Silver
A096,8,700,335.47367027295525,0.4951060497475268,3.021889448402444,36.589761549458444,0.2250915359800226,0.30890381216540347,350.0,Gold
A097,8,653,395.0129266445528,0.4218791922084263,2.8361889692016806,43.67196555057364,0.17339367418269214,0.3656424794412665,350.0,Gold
A098,8,601,364.3363526329397,0.515976017680085,3.2333833751636134,37.91981707959904,0.18202648219058387,0.3173301792287412,150.0,Silver
A099,8,627,380.9373401430347,0.4260963776364967,3.0111755227255403,49.329431661666945,0.17102781172872156,0.35314196766982753,150.0,Silver
A100,8,520,420.8106442183505,0.57086207803543,3.1684252966742514,50.289179499640305,0.14012602386172007,0.23717978071932455,150.0,Silver
A101,8,696,362.77087026578306,0.42696066298407376,3.042721531910464,34.19098050753542,0.14194499684808012,0.3449595120714101,350.0,Gold
A102,8,539,500.93900333780755,0.6356264332580569,3.8166295333816627,45.49333994293784,0.1200789699366796,0.2193944629676921,0.0,Bronze
A103,8,634,368.18673034477547,0.4487874748119727,2.973796574659449,35.34840193798054,0.24000267951501092,0.2820425606818701,150.0,Silver
A104,8,674,343.17346539247995,0.6225881533280853,3.9027038924938164,45.9123853840052,0.1582096218894,0.24881354828021685,350.0,Gold
A105,8,361,454.8648980016494,0.6398009648823195,3.555150478413828,53.17199078519849,0.04992069579195422,0.21695075844752448,0.0,Bronze
A106,8,633,389.1054993188584,0.4076073951470483,2.850974028977862,44.494954205522724,0.18307545008195333,0.36067557350638,150.0,Silver
A107,8,635,403.8439118393306,0.4677659225244427,3.022521862682511,31.450464912659665,0.20839871407615537,0.33732969478108266,150.0,Silver
A108,8,656,403.414156812758,0.6280838605623755,3.5842762582438086,47.283989197820205,0.20702440567207436,0.19168766868210654,350.0,Gold
A109,8,440,513.3051851520114,0.5852111427449045,3.466846504676614,52.98332287679494,0.08701084865692191,0.24106646671473153,0.0,Bronze
A110,8,521,515.4009833355128,0.5798108426342714,3.313987959078899,50.0633858949451,0.02743398022055242,0.22428206278875146,0.0,Bronze
A111,8,577,552.9199372827478,0.4412670352325366,3.0242062467500332,28.576188367675883,0.11196570413145202,0.30961430760919867,0.0,Bronze
A112,8,586,505.3186824909668,0.437352802302558,3.0417104541791185,37.632593910385765,0.19363668610862841,0.3387141491750415,0.0,Bronze
A113,8,477,449.6266012825459,0.5861142361338978,3.6776484556043263,42.11086633186714,0.12313838498490397,0.25828566260108926,0.0,Bronze
A114,8,712,344.6409529021296,0.4776604886877207,3.3831553292967644,40.46040075355373,0.2744988562505932,0.29124302730489765,350.0,Gold
A115,8,460,517.2645940868119,0.6611960022781214,3.982134156573709,52.161093682997105,0.07992856440442493,0.2745268948931456,0.0,Bronze
A116,8,536,429.93843172007496,0.6109233300298628,3.4283600253399467,61.906173681860984,0.1079641911862261,0.18648495281016625,150.0,Silver
A117,8,506,516.1488556698683,0.6228360592162356,3.5386385095104984,56.308033838113666,0.15172210440944278,0.28797173311905244,0.0,Bronze
A118,8,687,323.6838505830537,0.47138294042404394,3.020148992831011,32.4735235078307,0.23479542279385346,0.29511817503571786,350.0,Gold
A119,8,545,419.4407012222193,0.4896024711444259,3.445856355356836,41.52109262170817,0.13833920853671272,0.30181574123884597,150.0,Silver
A120,8,559,445.3975970965381,0.6072561598971223,3.562329338239562,56.07840779562651,0.11039521477711867,0.2412766359095478,0.0,Bronze
A121,8,536,480.37477225487487,0.5880714855048574,3.3539267428196697,58.4572472582832,0.02,0.31105804896423056,0.0,Bronze
A122,8,569,377.47794804128466,0.555043155370214,3.288501146213979,49.37763407693483,0.2072935253322216,0.24105338294775663,150.0,Silver
A123,8,457,539.464720103284,0.6352264234526381,3.829560323667084,58.9959632609494,0.10975845353283104,0.24626152171060278,0.0,Bronze
A124,8,586,373.43616606407124,0.5921667398070599,3.541412551678688,43.04655602010267,0.1223253785400809,0.27895646363297594,150.0,Silver
A125,8,667,368.23602314147706,0.4,2.8259476631800635,31.31032181243887,0.22416603343698846,0.29166991696344496,350.0,Gold
A126,8,684,349.583332571751,0.5560402513916454,3.4580821564349047,44.26057734018836,0.2093747027522579,0.2499869543299572,350.0,Gold
A127,8,496,483.3611033700577,0.6704456351358752,3.4196810705517624,54.052674883638986,0.06049207157947417,0.22737638994070303,0.0,Bronze
A128,8,661,379.9269789893381,0.5236862633158902,3.254712133186769,39.88656149836793,0.16358509011760175,0.26392554363311266,350.0,Gold
A129,8,368,552.2007481605394,0.6602878423374389,3.9209283651056173,55.124683910144796,0.028962388435730072,0.21141710992844992,0.0,Bronze
A130,8,552,443.43813260473524,0.620617702922818,3.491912893911074,56.59382396394579,0.09962572072907633,0.2412570389385797,0.0,Bronze
A131,8,519,492.0402827694666,0.5689705244069369,3.2887999204745824,27.796514361642764,0.10359829394054032,0.29189923018661046,0.0,Bronze
A132,8,430,533.2035315722719,0.5619916315832857,3.1888785350403084,49.83473816334438,0.05211269379009168,0.2649218140603414,0.0,Bronze
A133,8,602,394.7973549566261,0.4169499459848695,3.1635765096679145,36.41637589379842,0.23854646892241999,0.36557280744024057,150.0,Silver
A134,8,648,368.9330976430657,0.6714020699916399,3.6425713631629537,64.55992293132606,0.16525229674589226,0.20150643852356337,350.0,Gold
A135,8,658,346.8515707651683,0.4855384570401623,3.2092734813750554,42.47580889359736,0.1847804958980776,0.2682269493697315,350.0,Gold
A136,8,661,442.2611024503129,0.5614124095611694,3.4755328244690085,46.57798402215022,0.20216038685563079,0.33322539834716625,200.0,Silver
A137,8,611,431.249147675184,0.5659695199751645,3.6149970854034565,39.86607436323772,0.18362983328024057,0.2538734481799688,150.0,Silver
A138,8,741,321.58258199303964,0.5073116357458881,3.171038170404638,47.136543511542456,0.20342427418813114,0.25774798548947997,350.0,Gold
A139,8,545,490.29378047085953,0.5426826800797815,3.3102582997233054,54.24365261342431,0.11486558956822385,0.2306653097149325,0.0,Bronze
A140,8,616,405.11482303832173,0.4866777247759503,3.156855758136554,39.386589089057466,0.19675033845995388,0.3375820137038881,150.0,Silver
A141,8,499,504.42330312879585,0.5719766750121762,3.681355406735241,49.470247802193235,0.06175832282321484,0.2609701945553277,0.0,Bronze
A142,8,671,401.36880768817235,0.46807487409969906,3.0572195200908,37.17160919078489,0.24555867549066152,0.30515875830812844,350.0,Gold
A143,8,629,378.7321902767128,0.4961833930370429,3.008419353860672,35.19201167832577,0.2434254272914907,0.29675059143758364,150.0,Silver
A144,8,554,423.4937596786022,0.6020928724805492,3.339537302410443,54.30154291150316,0.11001792847188116,0.28955113754787376,150.0,Silver
A145,8,659,383.279392982997,0.7779010249727767,3.9147402609516972,60.963855317490925,0.13346940978323432,0.18345369499161168,425.0,Platinum
A146,8,579,500.7151730670754,0.5078471702149783,3.391797791330462,37.860912907026915,0.1635488616981124,0.3671827452789874,0.0,Bronze
A147,8,570,439.35897688460597,0.5518468477722608,3.363627976040788,37.154635052599104,0.13321481398661406,0.2832740781127226,150.0,Silver
A148,8,439,558.0789512055885,0.6167595762115801,3.533932271621689,47.12412264007387,0.0733273956182424,0.2851497125241176,0.0,Bronze
A149,8,654,388.94998679509376,0.4381050844484839,2.8896312340171817,38.53676708351265,0.17933855905544627,0.34891516195773864,350.0,Gold
A150,8,717,416.3279380881977,0.5110975586381628,3.2767389964780187,40.26256687748588,0.1831943910341416,0.2944675569369938,350.0,Gold
A151,8,514,410.8634579237792,0.6232763640550656,3.5433917255248915,50.69358246907422,0.12717262595907503,0.23308032479735985,150.0,Silver
A152,8,599,444.6948267179156,0.5297220928079849,3.3099762596305102,41.43929013219174,0.11279988938795057,0.29807008073380264,0.0,Bronze
A153,8,528,456.5681723777908,0.6181882030046616,3.8286222448708127,63.27199734037641,0.13451832808938138,0.26802768073435357,0.0,Bronze
A154,8,485,437.459420719344,0.643923154104755,3.89957233077074,52.2184546850938,0.06656829557040178,0.22525315691430214,150.0,Silver
A155,8,657,392.9394432713456,0.44570024403309566,2.7855387732178505,37.88711288703278,0.19200644138949474,0.32671006836528144,350.0,Gold
A156,8,476,471.53502513469346,0.5241348890416218,3.346807925293976,36.20802614299487,0.16869521821587344,0.3274321937311392,0.0,Bronze
A157,8,605,429.23642347951807,0.49998273116523223,3.1092237315349434,41.64082368517742,0.2065476672027381,0.3621053397059975,150.0,Silver
A158,8,575,414.97753456745886,0.508988799725838,3.200529331653955,50.89912642398871,0.11416136627236126,0.32203555972014747,150.0,Silver
A159,8,449,486.47219187804234,0.8543524922331419,4.3956954761546765,68.92135774242229,0.02,0.2141417936981517,150.0,Silver
A160,8,504,400.85348632339185,0.6368176478277714,3.62124925454415,63.14686385750993,0.048161982462382166,0.2263917145326978,150.0,Silver
A161,8,639,491.1911344487128,0.5174215274354348,3.3210208218285757,40.16170546413543,0.17954530160819893,0.31408785658760485,0.0,Bronze
A162,8,574,403.0436274972976,0.5450965633356333,3.4463534724440037,45.10124479376056,0.1477895448590132,0.32211695992318484,150.0,Silver
A163,8,539,482.3576286238939,0.4964363877124376,3.288482388190778,36.60127318823378,0.09323137508620184,0.2745354449258651,0.0,Bronze
A164,8,546,426.53243177594453,0.5854717059018747,3.390108036634842,47.39881473266592,0.10101787522131499,0.2512436142778999,150.0,Silver
A165,8,524,472.6338622334819,0.6258061815650057,3.5459104603215073,50.60793008189145,0.09625627545008963,0.3018146702290552,0.0,Bronze
A166,8,457,524.843863069088,0.6132288352622529,3.3976523733625794,52.326088960665714,0.07953463539286261,0.22545550022149063,0.0,Bronze
A167,8,606,458.1201172223399,0.6462674724641033,3.5715799479594716,51.835508987000445,0.2109855826033888,0.20125911003468733,0.0,Bronze
A168,8,407,541.5559178727768,0.7699376410532606,4.386347060208579,62.05600375225917,0.035109217471409514,0.2378643907878811,150.0,Silver
A169,8,554,475.4944978168901,0.6304956486429434,3.5630980872816784,61.4794778066822,0.1445086215815594,0.2837046372922358,0.0,Bronze
A170,8,538,451.9878167583421,0.46455374643257197,2.93069192807705,35.81828074334428,0.1278620837165071,0.3271421087464843,0.0,Bronze
A171,8,630,394.20316267666936,0.46756506677140863,3.1313982295504927,26.56632940662515,0.1865501697394002,0.31160265065206166,150.0,Silver
A172,8,551,422.3412993477836,0.587903713683698,3.4961223037845715,59.85400519232676,0.0810529353680143,0.25168277935837136,150.0,Silver
A173,8,731,365.3107518896141,0.6302363975808377,3.5716017048042223,56.39883434238065,0.24327140779076933,0.25636390718193647,350.0,Gold
A174,8,481,538.5745497770795,0.4922928918821122,3.467740365462321,35.01054551028184,0.15268767161052843,0.35047705196920154,0.0,Bronze
A175,8,683,415.39635412527787,0.6397621827586221,3.725825569922068,55.61841779629546,0.15041079014066422,0.25125211068081343,350.0,Gold
A176,8,571,421.1692542782161,0.6244499887565251,3.511991461534176,50.906746082647274,0.11114597590966695,0.31522878251479886,150.0,Silver
A177,8,455,480.4222639848695,0.6556653935381898,3.7020404955613255,59.82715215766364,0.02,0.21079558301551715,0.0,Bronze
A178,8,425,495.18599339912953,0.55184264425161,3.338936125842101,53.71700409881947,0.045638217981303936,0.2786725196695079,0.0,Bronze
A179,8,643,337.96161832209884,0.5793662832178674,3.547725609169978,55.333663922347746,0.19651895242284229,0.25706172668293553,150.0,Silver
A180,8,669,441.08052990730755,0.570034162972869,3.3987469612021037,47.50564824896266,0.18611833517734125,0.2394320885159824,200.0,Silver
A181,8,646,371.62672411781085,0.5378780518740058,3.068129417520366,52.38438996121028,0.17582460712599085,0.280256267260108,150.0,Silver
A182,8,546,469.22291431676416,0.5406554364017684,3.336676558759189,43.67032145628501,0.09748592140249082,0.29625770448910577,0.0,Bronze
A183,8,530,452.27038016850753,0.501723133751408,3.0261716043262785,45.723636458794395,0.1562285698567233,0.3150376518979977,0.0,Bronze
A184,8,582,366.90895239743764,0.5611079506950107,3.699642960315867,46.90481279059356,0.14326472122096656,0.3406703850903324,150.0,Silver
A185,8,441,512.2403843772938,0.646714612096723,3.559799396476633,45.733945357316976,0.06627660368225205,0.25524817925301757,0.0,Bronze
A186,8,598,460.2765102780853,0.517888633089438,3.268308091670814,42.155463645878164,0.08981048945919451,0.32734865087461323,0.0,Bronze
A187,8,532,492.43168501176723,0.4116945255541387,3.0104204297661723,33.900559844404725,0.1420554236822425,0.33730501716731376,0.0,Bronze
A188,8,529,440.4682728444951,0.5832579934634897,3.4575776188364378,47.23115543626805,0.13287381175077417,0.31703847062818197,150.0,Silver
A189,8,608,424.0005679243246,0.49578543641653317,3.165920960346912,43.54448762153617,0.17819617959714062,0.37363930400102885,150.0,Silver
A190,8,403,482.75084035617687,0.6478114088371388,3.782044837520555,52.84211078822626,0.06931240632215183,0.256807990394423,0.0,Bronze
A191,8,738,335.8471754381319,0.5734588962196528,3.6684473821327157,55.330526571050896,0.22044106394553387,0.24083667104859138,350.0,Gold
A192,8,678,421.58019213326617,0.4724741117820408,3.268970426324004,34.72922347498117,0.16322091527393418,0.29454620460386866,350.0,Gold
A193,8,655,433.8384064426239,0.4635724915269885,3.367660534647,45.74606302014042,0.162686620706201,0.32302903248535947,350.0,Gold
A194,8,425,544.16282209231,0.6449347764131329,3.5929409224195856,54.89043476812908,0.04767872705769261,0.25572103049226624,0.0,Bronze
A195,8,694,358.8838815066378,0.6145622340000295,3.6195754172927526,52.814060726952206,0.18416034973237627,0.2751278604315194,350.0,Gold
A196,8,475,437.0750507708086,0.5132032411937311,3.2905627834585944,45.855613814756566,0.1029028138669398,0.30852463395940877,150.0,Silver
A197,8,715,310.867942257556,0.4938574982662904,3.162535228173688,29.969800858104055,0.2040115549590914,0.30266654818116195,350.0,Gold
A198,8,451,506.2630830647427,0.5698657912479581,3.653016546292539,42.64951356624723,0.07388448589115292,0.25296773026475283,0.0,Bronze
A199,8,489,479.99255405741116,0.588919954776208,3.506186911498341,54.63987535473794,0.02,0.27646616592744366,0.0,Bronze
A200,8,557,448.8326670431608,0.5907532643951816,3.4596253655070046,51.36404065378576,0.15403825714699593,0.3193483149663471,0.0,Bronze
A001,9,516,459.1377913960208,0.6352380579833432,3.873005721120514,54.864254325461125,0.058814240593439704,0.26803061871065886,0.0,Bronze
A002,9,487,503.6712847443329,0.5783433072111,3.497688188050877,43.886799205780534,0.10537623057049275,0.2769201377426109,0.0,Bronze
A003,9,568,459.54792337836074,0.5698585483851921,3.13398960523493,29.97221878068778,0.12602032671143842,0.22452675331047123,0.0,Bronze
A004,9,391,552.2827050273011,0.5475843156902535,3.4855116680219487,41.65555301609494,0.10484641759731267,0.32369477615211434,0.0,Bronze
A005,9,553,442.913507653654,0.5987728991595669,3.4104048446309916,48.58178189646258,0.15177219333925568,0.26525134004473505,0.0,Bronze
A006,9,644,347.9947045944842,0.5274682414789316,3.376593373695063,52.275224571384264,0.18040140267567834,0.27713018442604925,350.0,Gold
A007,9,404,525.5882264508602,0.6299699783328793,3.7811671380906193,59.137526741849214,0.02,0.23667231628729177,0.0,Bronze
A008,9,534,464.84946524483115,0.5282765490913609,3.5133419431482364,31.524520685596425,0.13100578314236416,0.2282327232004843,0.0,Bronze
A009,9,675,443.29757165618554,0.46084631960448796,3.2108698690521975,37.02260926298784,0.25025905345546345,0.3334615701471457,200.0,Silver
A010,9,613,414.1454569883412,0.4923963650337748,3.3400484025137405,36.21479452144879,0.1478365397809671,0.3108971702038618,150.0,Silver
A011,9,405,509.58026899264354,0.6141982011502395,3.4973514369048115,44.71036168619368,0.04032557715559289,0.24849831556991137,0.0,Bronze
A012,9,563,485.4873127837746,0.5819342270082833,3.6460444274225,48.92742875242395,0.07453916849330386,0.3055808654202368,0.0,Bronze
A013,9,532,497.97460051236965,0.5526517135937534,3.7542649744198453,54.19787925400749,0.11398602546897749,0.23742354399262328,0.0,Bronze
A014,9,447,535.4496134622414,0.6938520719918853,3.796960463270105,62.107497386781745,0.034509985123659985,0.20455599691221743,0.0,Bronze
A015,9,501,519.176244954674,0.5038679644054115,3.525074138210553,37.81072990791551,0.06988465058161605,0.27295256659502387,0.0,Bronze
A016,9,500,486.1186313607691,0.5514144314309735,3.3183331912906873,42.86004167750647,0.11506746547880574,0.271070378034464,0.0,Bronze
A017,9,592,503.0572533942561,0.4912144865456936,3.0823658969296304,38.67834412543497,0.15227803492386738,0.3055383061394393,0.0,Bronze
A018,9,530,507.66599854296084,0.5758038349555092,3.5458275754623143,49.59307920083523,0.08708388872564629,0.28257887173213697,0.0,Bronze
A019,9,524,501.75977014376616,0.5871522807008185,3.6877736052087666,62.891076322673044,0.0825444121530999,0.2547298841265191,0.0,Bronze
A020,9,382,588.5737432472247,0.5874405066530504,3.6774549318221603,34.36900872202534,0.09106777620308724,0.23870312528413304,0.0,Bronze
A021,9,586,395.94787307352124,0.5551014172710745,3.2184897512630837,45.65685926813784,0.14477642800584975,0.3285396415846835,150.0,Silver
A022,9,578,395.65844376952225,0.4984075076306759,3.2320288591063524,34.06240825311166,0.16633646750799225,0.37298620270138666,150.0,Silver
A023,9,652,399.5891818920616,0.5109242253678864,3.1184540749819063,39.429770990378586,0.129606708266308,0.2999289100093062,350.0,Gold
A024,9,380,534.8029831784563,0.60019989362918,3.356412253605173,46.88539789304015,0.043725352738677906,0.237216631537702,0.0,Bronze
A025,9,511,457.36937969386014,0.6129506255614791,3.4431409128170456,49.642353174792234,0.1262618995736571,0.29908337370667715,0.0,Bronze
A026,9,567,436.76004133511134,0.5514130573720628,3.2715813623186416,40.41269362093204,0.15141122559624198,0.23603206386132092,150.0,Silver
A027,9,642,346.1952730881931,0.5285429928258789,3.309189825214457,33.24889306019894,0.16308500050746716,0.2785396031285036,350.0,Gold
A028,9,632,357.02208185681997,0.4606134025635262,3.17316724212363,25.0,0.31526541824237386,0.2948711274342005,150.0,Silver
A029,9,360,508.3981111424955,0.7108645940812881,3.712318025393841,58.87071048426379,0.07751909319469817,0.1808680958539701,0.0,Bronze
A030,9,658,359.35342565501577,0.4612071451753382,3.0738948292068695,32.969288487979675,0.21409282079266376,0.3071164149422116,350.0,Gold
A031,9,607,418.5687363737083,0.6892572052851305,3.70790784202422,62.77623583058983,0.15068224152708937,0.19837195551072886,150.0,Silver
A032,9,672,303.64376563154764,0.6154737312408125,3.595186893556345,55.13335335092849,0.13574705228665554,0.25419014142813456,350.0,Gold
A033,9,487,487.4386094255403,0.6403020970542185,3.6130936327795027,51.83334372043625,0.02548033854448743,0.24469447620848653,0.0,Bronze
A034,9,472,541.517672546262,0.5242787434673906,3.1895540432534153,49.27183875884524,0.07758379985189474,0.2716485509073844,0.0,Bronze
A035,9,584,471.5880091702697,0.4328313902583434,3.164535424601799,48.32394113820676,0.14045565000652666,0.3157520431988466,0.0,Bronze
A036,9,490,452.50881364252365,0.5883520490530125,3.4040109416924955,37.55329586434751,0.08110992866917772,0.25773371134168366,0.0,Bronze
A037,9,763,390.7804848392294,0.4873313709669355,3.1041337414431274,39.29712922122896,0.1402759976482797,0.3293628334468086,350.0,Gold
A038,9,620,395.158423365007,0.5701943594056793,3.105083176755971,47.3327219269527,0.17817545298164986,0.2674693742058027,150.0,Silver
A039,9,618,524.8123804049316,0.4882356407686033,3.353892402689555,25.0,0.18148831030683069,0.32944679591614157,0.0,Bronze
A040,9,691,368.49971663066617,0.4984343265054573,3.3194531043301394,36.6611925287675,0.25774150050910904,0.3182006589044567,350.0,Gold
A041,9,488,456.4375020487654,0.6532401487688423,3.6697863960191124,48.20095549095195,0.10251243125250016,0.25584986139948535,0.0,Bronze
A042,9,619,390.69157186072283,0.4984975195160874,2.9649960855176203,53.82608482098883,0.13698386496738968,0.34223637130394424,150.0,Silver
A043,9,523,434.8075067330655,0.6595439602434179,3.931198142825783,63.649897952742215,0.02,0.20260068951025556,150.0,Silver
A044,9,540,408.41490961506116,0.5420866646416221,3.247750506962084,49.59098754046544,0.12592806160475958,0.2689698409541377,150.0,Silver
A045,9,606,424.2154073524672,0.6619033119869313,3.6769513489198475,54.03213450600132,0.17911573250371923,0.28813763921421454,150.0,Silver
A046,9,487,504.07621068190537,0.484935689748026,3.5328875082939266,46.02554136712524,0.09810985090280719,0.29830622908311155,0.0,Bronze
A047,9,558,469.74124635622286,0.549912459685552,3.292541279913409,56.04881360205735,0.19316027036914885,0.1955813054286037,0.0,Bronze
A048,9,531,454.59040401368463,0.585160510594573,3.6287269207948114,45.86665089351698,0.14295672987533325,0.25984674546773423,0.0,Bronze
A049,9,503,431.95189107471276,0.5264376492638501,3.3765810399935754,36.462733163662804,0.08991710659929826,0.29347312619935745,150.0,Silver
A050,9,623,416.6929790240077,0.6958517816538915,3.9006813772447995,44.886354921658224,0.11050269052443276,0.14314589381550705,150.0,Silver
A051,9,569,409.2152734498284,0.6227124879995933,3.624085803802234,54.482067215174325,0.16385088608537426,0.29093307399680113,150.0,Silver
A052,9,571,463.6166412050985,0.597832145918322,3.605519209442941,48.98963804266161,0.0572301470157467,0.23945576771670316,0.0,Bronze
A053,9,579,405.9017155500595,0.5728936906212722,3.459971439265053,46.3613452473917,0.1664860301516456,0.28069941720711655,150.0,Silver
A054,9,764,311.8427806304993,0.5319673787100417,3.238916089113994,33.957781290659376,0.2520890273445158,0.28043360215566143,350.0,Gold
A055,9,477,520.7618327742701,0.6421174317932286,3.9193395085030582,43.91347886810214,0.1192764435528875,0.2045024847065873,0.0,Bronze
A056,9,543,540.547834345797,0.5313828866425783,3.148411265955965,34.06318995064726,0.1203910381011164,0.25533160130390614,0.0,Bronze
A057,9,724,367.46163362199013,0.4926523023928535,3.319527766487259,41.35807479804881,0.24217909778646568,0.2748865939500321,350.0,Gold
A058,9,510,522.8032033448158,0.6189867104269541,3.758842983235514,45.52673090563079,0.11268612337196408,0.2849754731047275,0.0,Bronze
A059,9,508,469.0102820218578,0.4930764685315073,3.320685927309425,37.25228291574626,0.13509564795066975,0.29834326694439256,0.0,Bronze
A060,9,633,358.5160787977658,0.6020541976210503,3.652272525313966,42.33854973005561,0.1594114863500908,0.24352235545502748,150.0,Silver
A061,9,628,387.8687543879488,0.4919053897043991,3.168429809874635,51.12792050920258,0.09048789072318542,0.2751995767405334,150.0,Silver
A062,9,600,393.2174356610535,0.5605037682509582,3.128321847167553,51.7034409386791,0.15608752223120764,0.31168299934540056,150.0,Silver
A063,9,455,449.2665381273453,0.4849834963675865,3.191125473529261,52.23755710445102,0.06484009709136418,0.34993263962867305,0.0,Bronze
A064,9,693,346.2739103981725,0.5852365700033447,3.311602327941687,47.31224182143574,0.1552451006879249,0.3014476889598625,350.0,Gold
A065,9,713,323.4778157564313,0.4890091590393462,3.030283317835769,29.298323460467735,0.24459374954046145,0.3191694565588865,350.0,Gold
A066,9,553,443.31436387941,0.6236190759386231,3.4011986271380956,43.23063091542602,0.1288928550899218,0.25924727088067206,0.0,Bronze
A067,9,628,403.82641338809816,0.4663611155008626,3.002325640849463,30.803203394200345,0.16718016131918995,0.2769774192603779,150.0,Silver
A068,9,539,472.7534546254895,0.6296695237533001,3.5517972453518274,50.86035264855671,0.05016758993391706,0.24075761669734824,0.0,Bronze
A069,9,535,468.3159480754876,0.5125990198776207,2.928863030864732,61.39389282073529,0.08365506530651615,0.27444458594855864,0.0,Bronze
A070,9,489,472.7724285737662,0.7306052604521558,4.082013138718569,64.1946469394872,0.11619652774483685,0.15299253254959638,75.0,Bronze
A071,9,587,346.7419943455256,0.6655880255971115,4.0080866794030445,65.7647216122698,0.1633749938718388,0.26547609233611635,225.0,Silver
A072,9,666,358.89797471362493,0.4821381543381571,3.1853431236001875,38.84305121746542,0.22796624885490213,0.2862698398729689,350.0,Gold
A073,9,582,420.0010112105355,0.5678508440392606,3.3642871535702223,39.36632125671149,0.13621392532861473,0.30873791960735497,150.0,Silver
A074,9,654,407.8399416741867,0.4994753935035533,3.1850606006830504,40.88536432272186,0.18974060265229215,0.326662234621379,350.0,Gold
A075,9,505,489.65313040429675,0.5415151918041915,3.3283187940435495,54.965968310063545,0.15364028241705174,0.30009546257732594,0.0,Bronze
A076,9,679,411.6491921091568,0.608490155560771,3.580575404123745,59.89978034754162,0.14913848278806016,0.27499045992858706,350.0,Gold
A077,9,533,458.44958729229666,0.43917395673239396,3.0493436976529753,36.9114305804507,0.17926783172578678,0.30587100084483115,0.0,Bronze
A078,9,435,540.1656500258374,0.5632395544842949,3.3370836873369165,46.73657061025469,0.04601728652186339,0.33043968274500196,0.0,Bronze
A079,9,450,474.4583810540778,0.5088094446479287,3.5376859168500165,40.1176634308164,0.15074131183644415,0.29776998506942,0.0,Bronze
A080,9,588,440.6174432142798,0.5242950947221324,3.0796219928880517,49.97782425045752,0.14112152376897563,0.2993399126647081,0.0,Bronze
A081,9,507,401.8139078826171,0.6315267644667806,3.6888338342047438,54.37593938845819,0.16608913845148718,0.22791700420628858,150.0,Silver
A082,9,650,425.98611980379786,0.6251440906824681,3.6211613236462847,53.80056982268737,0.12613811931081367,0.22200740590370394,350.0,Gold
A083,9,431,525.4276275229879,0.5596922839743057,3.7257622025226924,41.15917809624442,0.10230383597187895,0.2904419666745604,0.0,Bronze
A084,9,443,462.8885998156246,0.6665680110249609,3.8168010686567935,58.625129309314694,0.0410304899157948,0.23989820046817917,0.0,Bronze
A085,9,546,445.46264975796663,0.40045073682650867,2.8486463523431103,37.70273861857225,0.1530436536887118,0.3161391342923192,0.0,Bronze
A086,9,685,342.97444476226184,0.5453150259663693,3.2876240015713933,48.33484925980169,0.2343888131160622,0.23872118805019016,350.0,Gold
A087,9,596,382.97923663507873,0.6408842194732806,3.6944204892172023,61.54227157187537,0.09864472540868921,0.20554861959086135,150.0,Silver
A088,9,443,546.3045893369235,0.49104699671871865,3.072069017463658,38.60339940309257,0.10747530518024749,0.3394652128252458,0.0,Bronze
A089,9,437,529.6126728294482,0.6152790869746159,3.4866484348875435,50.421608814550545,0.0729496105297476,0.23549075077065154,0.0,Bronze
A090,9,469,396.50441461190985,0.5651002875770379,3.1392659724724377,54.33029887240082,0.11650422407128345,0.26379262859890984,150.0,Silver
A091,9,559,438.640423564622,0.47499679768676384,2.983553969006603,32.14823214055098,0.15142921066241946,0.3535114886880663,0.0,Bronze
A092,9,776,352.45683987514445,0.5080326543946154,3.2447794010541964,42.67309098890737,0.25795424974612247,0.2631224213975614,350.0,Gold
A093,9,425,488.1185714286567,0.6689652055582392,3.863334460968184,60.03277584524596,0.02,0.21060407300519257,0.0,Bronze
A094,9,698,359.7018394997834,0.45853286407163235,2.76483072893894,45.94337529859642,0.24185642570625082,0.29352384951452626,350.0,Gold
A095,9,515,472.84928908560624,0.5323593781795585,3.3132113686250553,43.56924173256548,0.16352089556362692,0.33559830316315775,0.0,Bronze
A096,9,701,361.8229878792152,0.47877368674650683,3.224678934795861,41.66788262427532,0.2604260899440658,0.3682920303188697,350.0,Gold
A097,9,634,414.16816692612247,0.5033557655302272,3.181912327215531,41.18449368129184,0.1303611245578886,0.3212045905499742,150.0,Silver
A098,9,655,417.97007523743775,0.5233805175322249,3.19269445449749,41.82669598838047,0.14639672624650665,0.3141493347117372,350.0,Gold
A099,9,664,361.9378953450305,0.5724704577472467,3.318019573033693,45.93595251037584,0.2483413138536431,0.25360116681551936,350.0,Gold
A100,9,582,448.5371426800597,0.6256144160962949,3.5366408155521545,52.19835299747863,0.0457506195333021,0.30817408816861047,0.0,Bronze
A101,9,689,393.47454073584964,0.41420400926694645,2.8677842968699245,38.84655706297051,0.17724004278716432,0.3423492839239813,350.0,Gold
A102,9,571,450.61053331742175,0.5696644723752495,3.501837538992312,52.36086415663355,0.1080441881053976,0.2977275189833924,0.0,Bronze
A103,9,644,432.8758839410814,0.4509742206665108,3.3894168057094625,40.18316577666482,0.21153561385917075,0.316444563570267,350.0,Gold
A104,9,659,388.49191208267865,0.57327574309243,3.333158971157764,45.0207344507652,0.2468924121077435,0.26264872514319965,350.0,Gold
A105,9,407,546.3469442957675,0.5252482832156266,3.3623074778304463,55.668545241524996,0.03236932081553794,0.33979195450163285,0.0,Bronze
A106,9,651,425.9852184820475,0.5173611577085747,3.234196723082433,36.078751339707544,0.18525126903738795,0.30924724730871933,350.0,Gold
A107,9,656,337.18204239827827,0.4760340284304696,2.948499934431882,37.081603653115536,0.22880451016271425,0.3531276524599236,350.0,Gold
A108,9,723,387.9195960319208,0.5720339530912683,3.591104380922205,43.711350201363025,0.19273407135172324,0.27884626391584405,350.0,Gold
A109,9,435,505.50271938905865,0.544549717781806,3.040428458118554,46.43577760572655,0.09430633554547554,0.2567291167945849,0.0,Bronze
A110,9,523,539.0536033197378,0.6139548974473712,3.5598761146768876,54.249934929697105,0.08312507001854295,0.23691775303469684,0.0,Bronze
A111,9,555,504.36766715856305,0.4702153093079191,3.2711489029452223,31.924167138235372,0.08260588690585549,0.31500283355077063,0.0,Bronze
A112,9,565,435.0361861440434,0.4818697731416643,3.0806609335588924,28.45862333509967,0.13684813438877566,0.2884570842620345,150.0,Silver
A113,9,498,476.4860539207112,0.5311693208375563,3.237878598748259,41.468602798349536,0.1522782359971379,0.25430842940614673,0.0,Bronze
A114,9,643,393.20451249960894,0.4953873056379863,3.207418286595369,27.57305045888796,0.2276668572141627,0.33788758869841623,350.0,Gold
A115,9,397,543.0790795785929,0.5879518891259685,3.7333326287730806,59.25204814745032,0.02,0.2484731422249072,0.0,Bronze
A116,9,482,427.7826406073558,0.6282191916220566,3.622965976141064,40.02932771380534,0.1517766015418491,0.2528581057849169,150.0,Silver
A117,9,436,513.408923191076,0.5960855625758391,3.4457335605563464,47.48167717275762,0.04272147128628967,0.27044978266623254,0.0,Bronze
A118,9,659,352.2751162872916,0.43154288495492765,3.02379963458004,39.54803287252413,0.22730058868690592,0.30973825225841184,350.0,Gold
A119,9,642,430.09886712159755,0.5226215318227057,3.218845029606266,43.504318899443085,0.17135201672420458,0.3344753712601799,350.0,Gold
A120,9,600,398.52562050678375,0.6296331397052435,3.724078940541856,50.382391487646764,0.1161630856555971,0.21463249128176423,150.0,Silver
A121,9,508,465.8437532974922,0.6766764671279188,4.012010832507439,55.49356354592519,0.07485864345913545,0.23717817105625555,75.0,Bronze
A122,9,631,441.08262333471964,0.5668717181772313,3.0568449194980505,47.70167942574169,0.1534521371420902,0.28063484392040505,0.0,Bronze
A123,9,462,472.67387162550835,0.5863640387994706,3.542414688562427,51.613963298377925,0.02,0.2638267463942873,0.0,Bronze
A124,9,629,400.4729623754246,0.5272405924622172,3.017397644085654,42.60722716000162,0.1582349381608522,0.2501963846169536,150.0,Silver
A125,9,664,376.5224371013336,0.5165725307964647,3.555280668351264,44.321047329103834,0.19115200834305962,0.31949551423731803,350.0,Gold
A126,9,700,327.6764220176124,0.5906870695724982,3.364836837794549,50.04145179946792,0.21147493018178223,0.2860304922810386,350.0,Gold
A127,9,517,456.3329846501848,0.6475467105959057,3.78687340351978,62.16406331133906,0.13052673786824087,0.22071425990390117,0.0,Bronze
A128,9,638,377.6643764432446,0.5251598334872338,3.2361561334355176,35.575840632252195,0.20780745513745497,0.3111606828212673,150.0,Silver
A129,9,504,488.73557785914346,0.6549480282486989,3.605639249102875,53.24343259725278,0.02,0.24926801928954367,0.0,Bronze
A130,9,546,414.26148872868663,0.6434601002285003,3.5191518254627114,45.95702389127664,0.10544846921670432,0.20419759554776662,150.0,Silver
A131,9,491,564.7048987214864,0.49877199338704403,3.513678382820055,34.003942390464175,0.09029149792784764,0.27487333520804164,0.0,Bronze
A132,9,442,559.215463681133,0.5512873156767801,3.603073928130449,57.79395978728114,0.06326648199100683,0.3136335170759753,0.0,Bronze
A133,9,653,390.7459284496794,0.4751471526531618,3.376340821018605,32.71336000022105,0.19122121674095463,0.3192236244929968,350.0,Gold
A134,9,686,357.85325026124565,0.6389521721391425,3.6591888680973947,65.81228902554483,0.22563797588658124,0.22749004277002421,350.0,Gold
A135,9,670,383.2673394590626,0.5297841109679433,3.369325378835541,43.901937501516244,0.21455689380675685,0.2623320788776434,350.0,Gold
A136,9,568,446.6904017827727,0.48337543433053176,3.1299064422183913,33.524705689900046,0.17576185600884062,0.2911880123243246,0.0,Bronze
A137,9,575,426.864494323686,0.6165534691366943,3.4832518975360722,37.78287261349729,0.18847381752405082,0.24004422644899115,150.0,Silver
A138,9,735,366.5151572819102,0.5300906433123029,3.1375670780479363,44.37284624984634,0.21005988764668101,0.26258485169620127,350.0,Gold
A139,9,532,410.58816825207026,0.5719898174006415,3.4220697921520977,50.47949513762808,0.11299298242975782,0.2189511496682443,150.0,Silver
A140,9,640,395.2491968657427,0.440677111501807,2.875814403512378,38.83663483496093,0.1694811179643729,0.3579295539913007,150.0,Silver
A141,9,491,490.19392395904316,0.49614573064288625,3.3313195560087148,45.38683006816029,0.11860254174402943,0.3306607179211888,0.0,Bronze
A142,9,610,404.87603003665254,0.4302258116071754,3.005075335547667,35.29357422918277,0.25064215346805363,0.28971201180292405,150.0,Silver
A143,9,678,369.2684623194112,0.5313819321702606,3.2857869498568104,36.01408775437415,0.22443720635080167,0.2915365659988058,350.0,Gold
A144,9,640,415.4173149564602,0.6223689452439493,3.872232312571088,49.87071985742648,0.15935943417377665,0.22398527582097727,150.0,Silver
A145,9,664,348.16649375172005,0.7641170964914407,4.025591857044881,60.10160446509656,0.15535031234986113,0.18650614470662769,500.0,Platinum
A146,9,537,457.68081206596173,0.5195519006980487,3.373993873699183,43.223166861321374,0.16081819166802275,0.28183624232457083,0.0,Bronze
A147,9,635,441.1177805322774,0.5524714104152351,3.7226038854181116,39.69346389823889,0.1154046539001686,0.2661764093623698,0.0,Bronze
A148,9,517,570.608855490458,0.6188736928583509,3.8369964185429066,53.0657182894614,0.10990812583009457,0.31253893537894817,0.0,Bronze
A149,9,607,392.8659055104588,0.4671230599244961,3.254384838568126,37.43048222441962,0.22857321506763406,0.29994100548991587,150.0,Silver
A150,9,678,311.15278458237293,0.5710334854415239,3.301659357364668,38.0810425288589,0.22021554826390458,0.2473386910713827,350.0,Gold
A151,9,521,440.636742389334,0.6022917542574605,3.5788181680640485,53.293588502859855,0.10227684902323282,0.23620585541210437,0.0,Bronze
A152,9,614,415.4145424542586,0.4870832108346178,3.0103915404475536,56.033192667754534,0.1641765114635429,0.3364800243582055,150.0,Silver
A153,9,497,423.89270321395963,0.5758855976699542,3.5564731455756187,59.213809565289786,0.1228666275950251,0.22008269098123026,150.0,Silver
A154,9,508,503.9029651777675,0.5507920289099089,3.5024266001547413,55.241552239331256,0.08064624576182788,0.25680450094297086,0.0,Bronze
A155,9,655,407.09016668895725,0.5266524840641136,3.2685366437485666,44.050652500502906,0.15934423473170095,0.33274369157770056,350.0,Gold
A156,9,571,486.0801650182655,0.5260445809932871,3.4687314832304823,32.45251930794015,0.1366978865349695,0.2969017532426146,0.0,Bronze
A157,9,687,352.07277713685323,0.41710918677560943,2.7508099815994167,38.91193906549037,0.2081993139521391,0.33891398544083967,350.0,Gold
A158,9,600,471.39558309737856,0.546088189067916,3.6320091553889253,39.40847667249809,0.16832021830076155,0.3455291181771446,0.0,Bronze
A159,9,385,409.7254774035522,0.7407989276555781,4.105221069179945,69.864970351338,0.04085558334622563,0.21107086752622373,225.0,Silver
A160,9,522,495.9572380295108,0.6079896677642574,3.6379268023230478,56.957285007187714,0.058007611670236645,0.23555854805350956,0.0,Bronze
A161,9,604,467.1776027851286,0.5443429491514673,3.3203115570358452,41.65674348970935,0.1975260402926873,0.2738005086331226,0.0,Bronze
A162,9,578,422.1856391695609,0.5651000386547421,3.488822964057821,49.573242144016795,0.13901600533800768,0.23989701526718604,150.0,Silver
A163,9,469,510.73760921414134,0.5281645791753163,3.5839664734875556,39.54055434259889,0.1045767537951463,0.32641227953034435,0.0,Bronze
A164,9,552,427.68174007897005,0.5653821449362313,3.4470433160021057,45.469217542117676,0.13061455832837413,0.2910839935516089,150.0,Silver
A165,9,466,477.4468423368054,0.5393112674231948,3.4235596611495285,58.25637585863347,0.035429702323265144,0.31800791752984875,0.0,Bronze
A166,9,413,510.73386714508825,0.5242264962762614,3.3558313935991895,43.20470351888744,0.0795231826412113,0.3266989193459766,0.0,Bronze
A167,9,604,503.57949076756245,0.6351735394329039,3.97227609584162,50.912894825678734,0.16692220157619675,0.23350426079901246,0.0,Bronze
A168,9,386,574.3441250170072,0.6331724746644278,3.6799924403098982,50.081739681109205,0.04420459843869405,0.21838842457396218,0.0,Bronze
A169,9,602,476.87609330936186,0.6213577885301941,3.6529917516813835,53.92227417191202,0.13570096193998674,0.249905491248681,0.0,Bronze
A170,9,572,414.736936058495,0.4093042143375445,3.144714703656817,37.8699490710149,0.15508434423916617,0.3100954821413261,150.0,Silver
A171,9,738,367.9849147231354,0.4,2.895303889992935,31.627642838237037,0.24836595281785087,0.3449487062622707,350.0,Gold
A172,9,510,411.8350679169818,0.6229447324949478,3.7729457142120366,48.12389425269995,0.1384376946329535,0.2847850134270616,150.0,Silver
A173,9,701,357.712360675606,0.6083062227913019,3.396765479414255,51.033274910114145,0.27788322459578757,0.25163332150200424,350.0,Gold
A174,9,479,509.4735630797037,0.6143144716857137,3.5439692263484135,37.61791642083709,0.10434758865325162,0.25877406402294667,0.0,Bronze
A175,9,618,349.1845934763737,0.5987470543278536,3.698309906229072,44.0189299186646,0.14255055839332254,0.25768580978215755,150.0,Silver
A176,9,545,443.40742780086543,0.5809796260661116,3.3861129672101264,44.30089451117483,0.15040081940311212,0.2916899767466863,0.0,Bronze
A177,9,466,459.98986892049606,0.7419436968385672,3.9682503604241943,58.634184435378785,0.11015878093022471,0.18318904943592443,0.0,Bronze
A178,9,488,492.53847037584285,0.567539662628086,3.494660520597179,50.361595999582036,0.09031095208805691,0.20709074709947264,0.0,Bronze
A179,9,706,353.31456017601135,0.6289154341988558,3.419161464463888,56.14288123775601,0.20019904764773588,0.2625598921017191,350.0,Gold
A180,9,649,394.0575526655515,0.5689409885681068,3.34221831770005,40.61940305901775,0.21628956774534394,0.3020586372119971,350.0,Gold
A181,9,672,394.509115980929,0.5955549605975945,3.5337992030788774,60.76985859880642,0.2060219339648792,0.2751692431037182,350.0,Gold
A182,9,561,459.1135179308693,0.5201501937795044,3.285424574242579,35.564825700099234,0.14325437319159956,0.2727330076241578,0.0,Bronze
A183,9,536,457.8538653451519,0.6374107401482773,3.833170393673587,53.14166624484638,0.0860756566554691,0.21098534099510702,0.0,Bronze
A184,9,610,412.8135658101722,0.5878644991984064,3.7148689758171654,43.571837769177954,0.15592703692204318,0.2796891262740471,150.0,Silver
A185,9,413,551.2767595653225,0.6645778590953981,3.657483044500294,45.89091478093964,0.06402582455408669,0.23841322494988096,0.0,Bronze
A186,9,554,420.48488655262486,0.45220334524320227,3.0935259793997685,40.096881740650815,0.16069400733928813,0.3153448830729692,150.0,Silver
A187,9,572,480.0485052703125,0.4904205479796112,3.283353584822876,35.47149073950379,0.1577895308108148,0.35850568109796926,0.0,Bronze
A188,9,597,475.1407511969355,0.556792007021132,3.681961683451552,53.30754313954442,0.11273533906739934,0.24887919436610725,0.0,Bronze
A189,9,603,430.8085563353676,0.590229310587072,3.5870883035707535,46.21009529781796,0.18504531274003447,0.31715938639899516,150.0,Silver
A190,9,493,494.594255996635,0.6844850216820986,3.8745686033135267,49.7420899649897,0.09047550205733769,0.22715950847327976,0.0,Bronze
A191,9,722,340.15184365173593,0.6101853858724275,3.645774273709321,47.87105653173468,0.21699369087650508,0.2008587313449027,350.0,Gold
A192,9,665,390.6700998247694,0.564804826520606,3.4887073166230333,38.25763307463227,0.17205091551877327,0.2687019897621834,350.0,Gold
A193,9,591,435.30275644424876,0.6157371651617385,3.4339588751969132,45.75606497874936,0.1513232615014955,0.2824900162332878,150.0,Silver
A194,9,425,459.1586171152335,0.6411132548481194,3.7001499831458524,53.18189854628723,0.07270061984565829,0.23260304707660306,0.0,Bronze
A195,9,722,303.4597055175409,0.7198757824283678,4.041383766240822,49.616329615787635,0.13571963494419023,0.167806330791501,425.0,Platinum
A196,9,504,512.3145773432938,0.5594849819165449,3.4259528556276186,48.06559578411894,0.03793711667562957,0.2712705712794969,0.0,Bronze
A197,9,730,297.0495628916501,0.47752471170217037,3.072502024932034,49.208874953429934,0.28745042368081397,0.2832749441023807,350.0,Gold
A198,9,454,504.66296811640353,0.5634178827655663,3.3908700475589306,38.343550733724015,0.12876093610507852,0.28938727892641236,0.0,Bronze
A199,9,485,469.759235935245,0.5833910432672734,3.1685587529033685,49.23428633588492,0.10365759622749747,0.28984557717511894,0.0,Bronze
A200,9,559,405.7517030810961,0.5834401774340984,3.468597982414635,51.69466203438876,0.09720771264282532,0.23493581679391748,150.0,Silver
A001,10,464,519.1324596205179,0.6170067873929516,3.3890972494227483,54.232120875473434,0.12385903061383985,0.23119453003830218,0.0,Bronze
A002,10,493,471.4900638846252,0.5512540006464777,3.3421197134880125,47.65170440752385,0.034742524332889956,0.27916821009255666,0.0,Bronze
A003,10,511,451.6350951807783,0.4920855962163199,3.1305017213587716,37.16152831816501,0.13803118638900916,0.2800589520201678,0.0,Bronze
A004,10,370,567.1796629852635,0.6124352684882083,3.6134957233675604,41.263943976430106,0.04190232850318323,0.27133162258121746,0.0,Bronze
A005,10,533,467.4207600752847,0.5767260945805214,3.4780940206102042,48.131563841384704,0.09940884851489043,0.28975938170971466,0.0,Bronze
A006,10,677,413.2816270615957,0.5275070768019172,3.3198631104340666,45.993913188492385,0.18444879056885782,0.36040880166416783,350.0,Gold
A007,10,418,515.1326249587414,0.6803965992235892,3.4472642487051957,45.949614701296255,0.05038234825587423,0.26161175827426814,0.0,Bronze
A008,10,526,480.40849695158977,0.5471745624515734,3.360191940177779,30.916059702504825,0.13805940863841848,0.2884232667692231,0.0,Bronze
A009,10,639,393.78534273515834,0.4322181277794955,2.6205349675697107,32.74881427909964,0.16273792840977486,0.3085048199881714,150.0,Silver
A010,10,673,388.27421279915006,0.4463458330982446,3.136705986157842,48.48951776856203,0.272121550949303,0.3302740873109221,350.0,Gold
A011,10,400,565.5347078589349,0.6555915809797574,3.6751121921706105,56.12041070973078,0.06834916322550344,0.24756124640558771,0.0,Bronze
A012,10,447,457.03053813067146,0.5846225781688759,3.1866529077825985,54.05432854452063,0.0947398091042669,0.2507515760622798,0.0,Bronze
A013,10,560,455.0942717133462,0.5580696736701775,3.317732604582764,47.017561146829955,0.08151887357967423,0.3002840724345153,0.0,Bronze
A014,10,439,512.61580336149,0.5916264748255998,3.5102479285417214,61.74544380197948,0.05046446076220208,0.22140646962930383,0.0,Bronze
A015,10,466,470.62781775145027,0.5356768635045143,3.483944512799648,36.038763940269234,0.1096950720020851,0.278397259532069,0.0,Bronze
A016,10,554,493.33371175698903,0.4897596463788483,3.2633700324044495,39.427860199177545,0.07040644360520758,0.32077189522798283,0.0,Bronze
A017,10,580,476.6670589617658,0.45001127040025307,3.1253471645864876,25.63719125114603,0.12315689221898396,0.3113679674121358,0.0,Bronze
A018,10,445,415.8084763663184,0.5887217729447592,3.6412649627207645,47.26501749495228,0.12977460430825813,0.25830865871921815,150.0,Silver
A019,10,457,493.0795920473567,0.673202189636116,3.7999610021424775,53.86061104319352,0.12026167698168319,0.22658554830978517,0.0,Bronze
A020,10,472,533.3252736345236,0.5099222572661266,3.392570733407634,41.27302049721386,0.07450048549176917,0.27096305987291697,0.0,Bronze
A021,10,601,461.30966515382187,0.5448879981153512,3.4890251414970774,34.05993408793239,0.18022052734653254,0.31726182870108577,0.0,Bronze
A022,10,597,397.3644062363079,0.47160985708731573,2.900208768934817,40.251663495485985,0.15474756064497408,0.28081492700738925,150.0,Silver
A023,10,680,384.1819133138604,0.47175451364864923,3.320233789672481,27.528876565837464,0.19184200336636806,0.3208429743628369,350.0,Gold
A024,10,424,543.6032984185941,0.6013868162907018,3.3770689606495266,53.45597559778671,0.0890878067321168,0.27185471043219045,0.0,Bronze
A025,10,531,475.31689012351416,0.5622022508300326,3.5923189166643135,52.48555661498117,0.1460005674963038,0.24666044263171796,0.0,Bronze
A026,10,631,434.8732089416992,0.5201251088789984,3.0675397399808597,43.01808420436176,0.20314722389558895,0.2941430840798229,150.0,Silver
A027,10,648,356.52852110145153,0.44124087640132553,3.0849567418061894,43.49894132664648,0.15321195853768144,0.29621468425712866,350.0,Gold
A028,10,686,422.62267964457544,0.45189189292667103,3.307682675632865,25.0,0.24492598375198854,0.3609745170810099,350.0,Gold
A029,10,421,538.701117252472,0.6959222758492919,3.8837561352309917,59.88848883366246,0.03127251802311287,0.18746760155099684,0.0,Bronze
A030,10,616,449.23402559802645,0.49934280886196875,3.1613316599246635,39.098164209446054,0.19227523451297318,0.28064596362825356,0.0,Bronze
A031,10,624,399.9540112326264,0.7857902645128783,4.231379355512212,50.68447790915202,0.1281506494851558,0.14895714394418125,300.0,Gold
A032,10,667,344.071500257796,0.5157532988988033,3.2045395909532366,46.28448923838256,0.2271424191754663,0.2529677186344521,350.0,Gold
A033,10,425,466.562864817436,0.635475252666982,3.949029265520742,56.017314003730924,0.07919117432200284,0.293546357659676,0.0,Bronze
A034,10,454,497.37168437464703,0.46740966529852296,3.18153202396559,41.206200259422396,0.14225864061373497,0.3293193740979677,0.0,Bronze
A035,10,530,499.8935488532851,0.6279173793730104,3.5654455223340342,47.4902315479975,0.13765181983079,0.25304185102181215,0.0,Bronze
A036,10,480,527.3171879867575,0.568829712227833,3.416190659689792,41.68829257367999,0.05488725435321718,0.25277080620845915,0.0,Bronze
A037,10,677,351.71780915829964,0.5229250228053812,3.079998148222983,35.72942570900796,0.22752382421420364,0.3180583452092505,350.0,Gold
A038,10,650,301.915760419195,0.5812725110822402,3.3003429862135247,39.75185924959042,0.22310904535593712,0.24276432238608028,350.0,Gold
A039,10,594,448.44062151243395,0.5099602161089967,3.1590400932663485,42.24071206886098,0.15086941065979073,0.3198250923863044,0.0,Bronze
A040,10,679,347.7504175047435,0.5926656383995015,3.370419199132572,42.652948081065574,0.23028994607332115,0.23675840634203027,350.0,Gold
A041,10,578,453.18157831960986,0.5432163185161752,3.259569964565557,42.13423051522604,0.14703408296992834,0.2633782415372597,0.0,Bronze
A042,10,633,432.2428066292476,0.4808367073361381,3.492750124984812,43.46767514587894,0.168832021121125,0.33041378864908244,150.0,Silver
A043,10,529,483.4211851213825,0.6713998374935081,3.6673659036130513,62.31768638139759,0.07625715255121449,0.2573548853272698,0.0,Bronze
A044,10,576,462.89696889209165,0.48800725261350775,3.261848196806033,49.70964219548118,0.1070321905308444,0.3227212869714997,0.0,Bronze
A045,10,643,396.4537171391706,0.6092727831043788,3.6642576848572825,67.3782174819422,0.08363251689923677,0.2248006632855446,350.0,Gold
A046,10,523,449.51399217373216,0.5326854070991359,3.370646532954126,39.88190623590354,0.0831073655686679,0.2735240311886607,0.0,Bronze
A047,10,584,442.5478406561821,0.5774787200612314,3.4447264896542924,42.98139044642374,0.11714780133948843,0.27371547421146286,150.0,Silver
A048,10,645,478.2856695207337,0.5455167280101926,3.389243661823114,45.99408060351818,0.18357725557170018,0.25631487993862023,200.0,Silver
A049,10,472,513.9323173850111,0.6027544913248588,3.639270823186172,44.49887120313022,0.08241349620010033,0.3000270862739352,0.0,Bronze
A050,10,655,389.36135313631235,0.6950083536819157,3.8579068967778287,47.868107614865046,0.1358250113743361,0.14993825020871734,350.0,Gold
A051,10,650,418.3379442895441,0.48506027683535174,3.164813842615827,48.07198329183324,0.128504712471513,0.2826137038047847,350.0,Gold
A052,10,524,463.0265787310649,0.57872075109607,3.260795183919364,53.14227127757813,0.13631391571661197,0.253224704475477,0.0,Bronze
A053,10,570,359.26044676992933,0.6448171629400449,3.5130644997424447,42.37831769198192,0.1864258064941694,0.15675482488082898,150.0,Silver
A054,10,728,327.31078307662284,0.44376432020782147,2.8401271565249666,38.87413597402239,0.26225925371347725,0.2806073980097857,350.0,Gold
A055,10,491,504.95967112603984,0.5703123573328851,3.378877169568952,55.259149163515644,0.09668219181554627,0.290633742443108,0.0,Bronze
A056,10,570,507.4547623134553,0.5606569731238822,3.405786820375178,28.408178237045348,0.10672171727265886,0.276645719847036,0.0,Bronze
A057,10,721,338.79242107621195,0.5192325197636796,3.2716087110861354,29.979790998841956,0.22681200695222997,0.3395010727558152,350.0,Gold
A058,10,450,435.4421741042013,0.5622951871704716,3.673934462615599,41.75518138196267,0.1541907534570592,0.321438718508356,150.0,Silver
A059,10,528,487.672994814853,0.5367592807350159,3.272557146678663,34.73675032163148,0.15548571355821722,0.298287679064112,0.0,Bronze
A060,10,631,352.4074660880522,0.5709179867917644,3.5088511759694483,48.192515013591134,0.1392453680570946,0.2810299527533156,150.0,Silver
A061,10,565,374.78933370287604,0.5022047563788823,3.2465884129710645,43.28278157721855,0.16057963171389147,0.3010960307058141,150.0,Silver
A062,10,566,382.8408760004567,0.5722145806964999,3.6275566362565925,49.381082615542404,0.1565716663045044,0.19146170718501537,150.0,Silver
A063,10,464,527.1251380123965,0.5970873380610549,3.6645813170755304,54.941443954547125,0.04655033354987516,0.2193282793757958,0.0,Bronze
A064,10,701,405.78432787772266,0.5736893411517163,3.3242853396915035,48.3499365700085,0.10296909783450267,0.2735445286322815,350.0,Gold
A065,10,718,354.7763087935542,0.48482871225603896,2.894938838357232,47.942887946199065,0.2246401099794904,0.3245492863600145,350.0,Gold
A066,10,559,467.53580581976587,0.5281085393206582,3.386198484185066,53.402766445864515,0.1066076935059416,0.2974466786358809,0.0,Bronze
A067,10,681,414.06526828081945,0.44910218014095166,2.9545257848374065,32.857743676259524,0.1832407607296834,0.2935851789121496,350.0,Gold
A068,10,480,464.9197438725352,0.6533104166923863,3.554171269183833,52.80040558319788,0.09747074780888096,0.26679802179713036,0.0,Bronze
A069,10,540,489.67162829765914,0.5592309987150341,3.24301593459633,43.75618468968118,0.11351368582086675,0.32078092137662545,0.0,Bronze
A070,10,461,417.65245715196636,0.6758060678085086,3.803592460124647,65.33930749559985,0.044133675078962674,0.25781726088533674,150.0,Silver
A071,10,621,408.9754041826362,0.6115172040241184,3.799582983064625,44.22747487747099,0.11517199368619557,0.2850810982780667,150.0,Silver
A072,10,665,344.80948192701123,0.4452390378370662,2.918518372287492,27.771641515141447,0.21570159270662945,0.30512761092651713,350.0,Gold
A073,10,534,484.06160751746984,0.6109582006899333,3.655215369379086,40.55941387003736,0.08894105203210623,0.2878947434050506,0.0,Bronze
A074,10,651,389.4432800693228,0.49253498607595275,3.143782137420671,34.701159886818594,0.20649356281175757,0.30735876474944857,350.0,Gold
A075,10,581,463.3029511515208,0.5905218255531327,3.3141977919748316,43.479229765525574,0.03293614051604418,0.27913793563440703,0.0,Bronze
A076,10,665,338.3399038697445,0.5478582853569798,3.448874200908119,49.65433445369973,0.15517165263215452,0.29181964114194936,350.0,Gold
A077,10,568,466.2459318788476,0.5195408432819432,3.1219554631678332,43.388185079847354,0.1895358040155666,0.2885390495240104,0.0,Bronze
A078,10,371,562.9912656976263,0.5909534985588777,3.5623444824319583,43.432349238928516,0.024689904412366417,0.23781852632277986,0.0,Bronze
A079,10,438,506.82548448856977,0.5773914717550476,3.451947954904573,43.14469127605669,0.11402951899111428,0.26657931139135954,0.0,Bronze
A080,10,571,438.6398402592271,0.5323710393679468,3.457687306073609,44.09691424320588,0.15352484990525328,0.316654432777306,150.0,Silver
A081,10,525,423.82968003252574,0.5803237541649431,3.296605642729786,42.76343949414563,0.029485435436056764,0.2546262241746355,150.0,Silver
A082,10,605,402.9384924219393,0.6162224621928356,3.6515527922377506,48.93154504179372,0.13912952544418858,0.28031143300111017,150.0,Silver
A083,10,473,509.8340063534456,0.5828133005407458,3.366931768610924,36.431014300160214,0.02,0.28898679990223186,0.0,Bronze
A084,10,406,513.325597504571,0.6546654594107152,3.6960280505515115,57.171865134032274,0.04686155931050714,0.229165694325119,0.0,Bronze
A085,10,585,405.430012946272,0.48737603870590873,2.5687168846025465,32.77191492877115,0.14952747264128652,0.34671358762622384,150.0,Silver
A086,10,659,354.3573117630406,0.5587009300638951,3.685181692152949,52.76052379672695,0.11086106342015328,0.2658532278387208,350.0,Gold
A087,10,588,435.59110604741966,0.6720793247269045,3.900453815203193,53.4117154899009,0.18767312797377775,0.27645467598761714,150.0,Silver
A088,10,460,527.4651286446759,0.5093915850322113,3.164678777546375,36.76205588020003,0.10995834747012423,0.30926717543334464,0.0,Bronze
A089,10,396,545.0561692532455,0.592014845036798,3.3801954301184294,54.50637027671226,0.034338749811724745,0.2627180844316754,0.0,Bronze
A090,10,533,523.63721612556,0.7074421989099474,3.8329238478623817,45.95111406108593,0.1448654754722147,0.1903890790258914,0.0,Bronze
A091,10,557,374.2372250553465,0.5116494036441572,3.2806371718589156,35.8810816157911,0.11108434883595392,0.29269243163828584,150.0,Silver
A092,10,627,332.6833234344171,0.6173273025602378,3.2370868916785502,41.6468240905735,0.1584911957163305,0.24695629357107224,150.0,Silver
A093,10,447,482.83098320430065,0.6982510769864099,3.8748409101007484,54.562510366473866,0.02,0.18295067764790887,0.0,Bronze
A094,10,623,404.27621148421616,0.49153369304829475,3.4553882827800027,49.99574459350892,0.25212121994345676,0.2968580600991521,150.0,Silver
A095,10,538,492.59580756067805,0.5809508295636395,3.315554452341999,43.68415212629714,0.13703931854003787,0.24350557277163162,0.0,Bronze
A096,10,650,333.85855315526635,0.5051714577991517,3.2037674091553354,45.55202886607671,0.2231814799514101,0.31551116994970274,350.0,Gold
A097,10,600,444.8517060141984,0.5413762576659606,3.6678498377611453,31.39531952208158,0.18703797453667748,0.32263791120546187,0.0,Bronze
A098,10,626,393.49139137449754,0.5157996680392607,3.3417761701471234,45.274455526533345,0.1896747037175355,0.2568726624954385,150.0,Silver
A099,10,664,411.1820688089411,0.4671898860597922,3.143342055909999,47.32062993922432,0.20592535349567356,0.36449327742709076,350.0,Gold
A100,10,529,432.1554318274175,0.6203415452076149,3.66588137986467,56.28044612628604,0.11018943445343461,0.24800685088540012,150.0,Silver
A101,10,727,348.37149407630284,0.4436027899253543,2.949398229000582,43.764614148262034,0.22866191290506527,0.29330824248170284,350.0,Gold
A102,10,529,419.12485156466187,0.6416856351400222,3.8471794133402564,45.555842408424226,0.104435667539664,0.26605838935023657,150.0,Silver
A103,10,635,439.7484132597688,0.40099955406316484,2.848933025079695,35.17354256500877,0.20437705724406263,0.3262065440270826,150.0,Silver
A104,10,592,336.0253380256715,0.5977093398092219,3.1772775289445567,51.20680963588012,0.20733349709613058,0.25846416379536635,150.0,Silver
A105,10,423,529.2951630066708,0.586713832564071,3.5097955202829585,44.68304240784468,0.04124377185001261,0.25318611964800924,0.0,Bronze
A106,10,637,413.33790003785384,0.5763459855313342,3.2519808976555833,30.824655084628603,0.15916528024672463,0.2449594678315193,150.0,Silver
A107,10,639,400.92015175116967,0.4,2.84751920563301,39.38747184252225,0.17911321197356916,0.3617199109720571,150.0,Silver
A108,10,659,408.4035580962351,0.5515874277674536,3.346643300276367,51.36440379270132,0.21113141987038295,0.2707759868061929,350.0,Gold
A109,10,495,517.3180165488285,0.6145748105738432,3.781197241630776,38.14118527182271,0.07185931950386534,0.2110705220050853,0.0,Bronze
A110,10,473,476.1756131343486,0.638303262950455,3.7617019304936705,52.68592581395896,0.10600641666816152,0.26121049854629597,0.0,Bronze
A111,10,501,466.04733884370154,0.5324434071636799,3.331474076977778,37.085719040234,0.10849487303172808,0.25085516660381535,0.0,Bronze
A112,10,571,454.7197113240672,0.4609863456040976,3.081606491156131,39.01069362476083,0.12018223776256973,0.2810076565781031,0.0,Bronze
A113,10,484,472.7900034470665,0.6220362077244954,3.4536461841516175,44.753274003614656,0.08436220506316265,0.28696370305952135,0.0,Bronze
A114,10,647,383.7589230606787,0.471271411247833,2.7390475119361293,36.652280592293415,0.2153778369517223,0.2756012385245604,350.0,Gold
A115,10,449,530.0252392129925,0.6592533399956614,3.8035561353150853,60.494575580415116,0.02,0.1668053182939107,0.0,Bronze
A116,10,538,412.8302988714322,0.5885510687506871,3.5875342224662803,45.3019514658541,0.15704955078380128,0.28326541704857006,150.0,Silver
A117,10,410,522.6290877675697,0.582372023550531,3.518644754431923,49.0599166273417,0.08201066930348197,0.2579352876953537,0.0,Bronze
A118,10,650,364.55302543262155,0.41473548373528574,2.8379025921905403,33.21397820844732,0.2895291912551519,0.32757615287174224,350.0,Gold
A119,10,606,451.6814866061622,0.5654274539740247,3.485950427040961,49.67921834012951,0.179351509191126,0.2643940066098841,0.0,Bronze
A120,10,608,420.26199068266135,0.6527875391621776,3.682022492784247,51.708826690830364,0.057027886216841656,0.24583508250569075,150.0,Silver
A121,10,435,431.2437210837366,0.5866422320189462,3.762607744498916,49.92882326126375,0.10351700696584412,0.24276152993532946,150.0,Silver
A122,10,627,395.1139770445183,0.5481945906460423,3.5435198100420826,43.5868232076801,0.11379640641064451,0.32500560997855604,150.0,Silver
A123,10,497,498.2224006821607,0.6162549535516045,3.773814160687878,53.369021081829416,0.0688316038778553,0.2092111041700762,0.0,Bronze
A124,10,641,452.092693569694,0.5237091513619733,3.422825601634016,47.42805661216558,0.1295500799745652,0.3038625869555244,200.0,Silver
A125,10,692,315.9616684823991,0.44647259647347304,2.7507588373845553,26.464775929566425,0.29528389312237124,0.34067459152690827,350.0,Gold
A126,10,712,352.06851878165907,0.5746544046178403,3.509126788710063,55.23319729452366,0.24969441425178462,0.24734868532786253,350.0,Gold
A127,10,430,498.29410009186796,0.5813074791314616,3.5794653551458637,51.30418519405643,0.06704804389268484,0.23676497498908078,0.0,Bronze
A128,10,741,354.6674607485501,0.459478473021832,3.1301120297745455,40.39293616170176,0.21241742101210326,0.34672383721637184,350.0,Gold
A129,10,394,536.12639386076,0.6764348143101562,3.8980690130060656,53.182317862576326,0.04261105863851395,0.1997002516554361,0.0,Bronze
A130,10,517,425.6892605016004,0.5786041171728535,3.5529196355790558,52.713947554415505,0.13516052575970205,0.2503584349083416,150.0,Silver
A131,10,479,481.19484323716534,0.4665157306728376,3.5238308973001455,37.310360711275024,0.11612518853995396,0.34001297660465735,0.0,Bronze
A132,10,450,533.1786164081233,0.5860855606237856,3.5248609766441215,53.37337388914843,0.02,0.2666080127566565,0.0,Bronze
A133,10,692,391.82206924376646,0.45918490321391936,3.1814204292417614,35.28388851216298,0.17413411999063866,0.26241172868555906,350.0,Gold
A134,10,689,365.8153472713497,0.7338539447192807,3.8523170371166096,60.051133617286084,0.1742106244453403,0.25887019644889314,350.0,Gold
A135,10,696,344.1988688444024,0.6089779896781001,3.6352217571285026,47.94951118815283,0.21670091529937743,0.24050848136536096,350.0,Gold
A136,10,615,389.7706689686277,0.5580874020593387,3.4745408839908967,39.77025350182801,0.193189406959364,0.264682320479072,150.0,Silver
A137,10,561,483.71703521257393,0.5499398578492183,3.4399420606798032,35.46942699741729,0.14380309768640762,0.2876975844301036,0.0,Bronze
A138,10,764,366.0424265534446,0.5624954048138817,3.6345923068976647,50.774237020989915,0.2413081632528601,0.2937541419845695,350.0,Gold
A139,10,500,415.8961631787595,0.5299902188829891,3.1634743781513066,41.69532247178185,0.10036473070845797,0.34683704118554837,150.0,Silver
A140,10,649,403.9953920844393,0.48162753756783777,3.042776400654917,34.95788552772297,0.20703638401048752,0.257546940490694,350.0,Gold
A141,10,534,492.5516710586308,0.5302992364736495,3.3944062445934153,45.8936042926067,0.1714191754983963,0.3126588716783186,0.0,Bronze
A142,10,670,404.6996760693636,0.4545683961104463,3.1797129841585963,34.19039632340446,0.1968877140384598,0.3404629323773238,350.0,Gold
A143,10,701,351.9071449773636,0.5012183083993004,3.1712018710673653,41.22188120051234,0.22452591492685847,0.2953977293140563,350.0,Gold
A144,10,663,442.3916800032351,0.6143812579933783,3.8130406448299596,52.86069971037191,0.1093395361740841,0.27786570764713536,350.0,Gold
A145,10,632,391.63843378778665,0.7926325255920768,4.046616822375405,71.51104180081003,0.12429139621705033,0.21097521029226565,300.0,Gold
A146,10,518,480.44663385398684,0.4443526274408774,2.8970527421582255,33.99137197350348,0.1451673826041445,0.2808000654740389,0.0,Bronze
A147,10,547,451.0764212336907,0.5961349196350958,3.591321454662491,49.68117588758812,0.14377272887514522,0.3140390273223866,0.0,Bronze
A148,10,481,556.9094303609276,0.5134229574246434,3.3232052174135895,41.09999485567313,0.13276939091085027,0.24786794943599835,0.0,Bronze
A149,10,591,436.23514170891207,0.4962024226603291,3.2789565464727275,41.250317265088114,0.16524309802632983,0.2674595424987052,150.0,Silver
A150,10,751,389.6007065976433,0.544397527973281,3.3317299027639034,41.86383692593585,0.24483748252685167,0.2743873586019647,350.0,Gold
A151,10,517,486.0085316777648,0.5760195653390782,3.4561040435946344,48.81948182588112,0.05549518040001531,0.32734038925998044,0.0,Bronze
A152,10,641,390.9717077221004,0.580690081167949,3.4394373176410866,54.54948457953657,0.15876405877716995,0.25847626864021883,350.0,Gold
A153,10,524,462.6255132313593,0.5674166837406582,3.4932366086618254,50.35393800199448,0.14060388031008736,0.27207530980221234,0.0,Bronze
A154,10,468,452.75565594502,0.5556419710969377,3.3881723692728984,55.6648677806218,0.07087670754704692,0.32070556967836183,0.0,Bronze
A155,10,638,411.79310796620894,0.5024023836518573,3.1704211398941085,34.77153548851977,0.12153834016811671,0.29002950226229285,150.0,Silver
A156,10,509,488.19601693262706,0.5967944071884125,3.4539054593238565,41.59843319446135,0.12636729774765645,0.22592913573671472,0.0,Bronze
A157,10,666,348.5649226315228,0.466401086766805,3.1956870093145704,35.54321513181389,0.19217173331843856,0.30092252023612853,350.0,Gold
A158,10,573,432.7214932365341,0.5799460810034015,3.4797457039214272,40.65174124108861,0.16826783538192674,0.3091453226128127,150.0,Silver
A159,10,468,502.288252778185,0.7640224345037674,4.447545276288853,63.3310614673978,0.09070389123800242,0.19651697611014712,150.0,Silver
A160,10,485,457.84686874420504,0.6139142410978674,3.6587280918684764,67.94792093842254,0.05473945660308472,0.31235405133254085,0.0,Bronze
A161,10,563,448.5895489267283,0.43196410361863297,2.9304611640804987,37.93373005809794,0.14201733539769054,0.3493524063404114,0.0,Bronze
A162,10,553,459.3346080979318,0.5614399949453049,3.8368036407562642,55.167299010907136,0.10203301636988685,0.2560797339300735,0.0,Bronze
A163,10,582,471.63251076979594,0.5237233437508847,3.374163207391254,44.953705481871886,0.12446680273703589,0.29204295163359845,0.0,Bronze
A164,10,583,436.31265096884823,0.5288426171053424,3.4849149270179405,46.4685873696244,0.15041478755430082,0.26286640961360663,150.0,Silver
A165,10,441,517.0766135936614,0.5320808749404895,3.5022291913869283,59.48407001756331,0.07143911146663706,0.26711465910434107,0.0,Bronze
A166,10,458,514.7439010197186,0.5425396791425655,3.5010502154753267,49.26720487267661,0.10835091973834116,0.4173566558737465,0.0,Bronze
A167,10,607,414.00697210346505,0.5915292283711453,3.5914585007350683,47.074948805287775,0.16023062828453194,0.29394704395255616,150.0,Silver
A168,10,465,505.2687263852763,0.651871759351731,3.5671098992531065,56.34730340974291,0.03530805846386385,0.26508423592950775,0.0,Bronze
A169,10,554,475.9729376296398,0.6004255621927164,3.6532144903197414,54.02906135695328,0.06300859512822739,0.24113436566367152,0.0,Bronze
A170,10,550,452.02556913828903,0.49915292115724674,3.0078774454991337,28.155587810008278,0.1485176621950956,0.34742635352553364,0.0,Bronze
A171,10,771,402.1894029697928,0.4910511624941205,3.129404685069989,40.22184118605258,0.16085389899577507,0.3365620030561399,350.0,Gold
A172,10,556,437.63514703147274,0.6143172921173236,3.49002749695496,58.400799300829,0.12172910126972135,0.3107217218338037,150.0,Silver
A173,10,754,278.5610402531018,0.5883454055311653,3.467866671160622,58.79161837618831,0.2083877530095884,0.3196552622394873,350.0,Gold
A174,10,442,454.2559277428101,0.5813023440031686,3.4882739759127848,43.95232192576928,0.105658993652407,0.22310638375580688,0.0,Bronze
A175,10,574,404.9906667775826,0.5066347889739528,3.3345471997278606,46.828600576745295,0.18900574422618005,0.26405089973232165,150.0,Silver
A176,10,515,423.8678823673658,0.5812112833832905,3.515675414628323,53.171107366577615,0.13653760139542037,0.2374018521827747,150.0,Silver
A177,10,375,498.57542554530016,0.7149820368260216,3.855297212386406,63.27282649362991,0.05087546483178995,0.18568896596961823,0.0,Bronze
A178,10,558,491.4289630707872,0.5307256700064951,3.313040427376206,53.83449374326494,0.10144745468973812,0.2974133029252137,0.0,Bronze
A179,10,657,374.0816896361514,0.5299280749619355,3.4450431640557446,48.38709994086246,0.13283710898865833,0.27102466645235124,350.0,Gold
A180,10,610,390.3420850970804,0.4399820134901987,3.2004108328145757,43.42109862614867,0.16191610671779358,0.386185150826796,150.0,Silver
A181,10,672,346.03333497151937,0.6652546788698026,3.501264822365704,46.440582533357734,0.17702409925627843,0.2910385249145281,350.0,Gold
A182,10,551,460.2317470216324,0.4746378508469979,2.922243192302981,43.275660437259226,0.1174120102400214,0.30995101183882967,0.0,Bronze
A183,10,536,452.0457103764916,0.6430612939147374,3.5432592096384705,39.98261528705285,0.13283439327803986,0.30143526891859873,0.0,Bronze
A184,10,648,395.54758357467716,0.5662047655426323,3.5659714938726017,51.060756903567984,0.13860646093379983,0.31816213260015314,350.0,Gold
A185,10,414,520.6518096002621,0.6248273036988331,3.8323268647454554,53.18470673961864,0.05675697327520726,0.236547881745149,0.0,Bronze
A186,10,523,446.8995865521161,0.52039727035952,3.150203669789752,46.74601353686462,0.13694430132099633,0.23156463153542517,0.0,Bronze
A187,10,562,499.894024324369,0.4802886051981262,3.2158197170746994,36.42485542025859,0.1701595071791559,0.30134550637192764,0.0,Bronze
A188,10,587,431.7208017502727,0.6034289872079248,3.825521848518375,58.072573522031796,0.15115631328446572,0.23928974118447585,150.0,Silver
A189,10,613,444.30991753476906,0.5465562876577196,3.4301281053165686,47.220722435428165,0.18920490138457957,0.2875726536912871,150.0,Silver
A190,10,535,538.9972801364127,0.6536200097974797,3.9932574718945304,51.426629084850646,0.02,0.24122884468725062,0.0,Bronze
A191,10,715,346.60805798245354,0.5941386451068082,3.655835976745231,49.87345772080279,0.24142983362446446,0.26423507172425353,350.0,Gold
A192,10,637,393.1292621937443,0.4841652004685106,3.027288562487721,38.442457474376816,0.24295577568076093,0.32204446205397064,150.0,Silver
A193,10,617,422.49968945395995,0.48064553135133403,3.1561197772536427,49.06925365455485,0.1423017140133671,0.271366129046956,150.0,Silver
A194,10,410,545.8373267162239,0.659065748418151,3.79605328569057,49.23198196104182,0.051365403933469785,0.24871450895983083,0.0,Bronze
A195,10,697,352.74421168532604,0.6642935799840312,3.721927063405804,59.78416764405337,0.150485218802601,0.22109408341587736,350.0,Gold
A196,10,476,511.7067982375126,0.625377895220051,3.7785196479126975,53.332443855530435,0.042281102145399804,0.2558483079078902,0.0,Bronze
A197,10,714,360.63111233518384,0.49831245509882705,3.2234586639566944,33.500949567001086,0.22004648021022175,0.3293973133174348,350.0,Gold
A198,10,554,481.82159522141575,0.49812378830584975,2.7857208106179203,39.9393853699355,0.09721430727051382,0.2640184914810292,0.0,Bronze
A199,10,482,507.1962520192979,0.5296588267813878,3.1982110429872526,51.484950348714655,0.07481017421133981,0.27969765970735777,0.0,Bronze
A200,10,542,438.38178062830303,0.6216932557256367,3.270614999837099,53.316269985115255,0.10074479915145736,0.24776667068887936,150.0,Silver
A001,11,470,481.89788874299927,0.6820761037679727,3.978409775904754,51.82113595025379,0.11687440913770358,0.21831352089973002,0.0,Bronze
A002,11,498,487.6781965297498,0.6207724134782372,3.7453730687705704,46.474981862894296,0.09133930581988903,0.27012745173823116,0.0,Bronze
A003,11,516,466.1135588992256,0.4359506946997703,2.796835735120584,37.712295247459984,0.11861472313935863,0.3588927060843934,0.0,Bronze
A004,11,385,520.8651872305617,0.5512650353484712,3.462157652201078,45.15583386057449,0.03219731539509831,0.2763508255101655,0.0,Bronze
A005,11,547,450.982946175316,0.5751686650755836,3.4772246977018115,39.61256753732266,0.11846450754822428,0.25452788305654495,0.0,Bronze
A006,11,699,408.9209577986162,0.5374487743876887,3.3729830129847715,35.42219050655582,0.19769572098561325,0.3253029183444275,350.0,Gold
A007,11,393,513.0508890307264,0.6547525351013963,3.6229830977637643,65.21254607419817,0.04273603046898668,0.21846561395290223,0.0,Bronze
A008,11,561,500.9663261240464,0.45080268259210166,2.9370606266418804,32.59717555842637,0.203287018920462,0.33856322187659366,0.0,Bronze
A009,11,698,411.174233615822,0.4109151775801881,2.8378326558298346,30.156347703912413,0.15158754048806605,0.3338812596523289,350.0,Gold
A010,11,625,413.6762510966434,0.4702919305376012,3.0995747290997553,42.11560791306491,0.18485470056626702,0.25663625929042266,150.0,Silver
A011,11,463,478.45543880194083,0.6146261601373786,3.7517620390769433,49.42600004656597,0.05089679649334236,0.2880073579694059,0.0,Bronze
A012,11,555,419.299300719487,0.6739627944379941,4.002772655149526,53.84163520508823,0.1197854410325701,0.1476792733383813,225.0,Silver
A013,11,577,451.07162471610724,0.5582079892124086,3.646522149044503,48.45395915706946,0.12510120801703742,0.21719296231230828,0.0,Bronze
A014,11,442,531.6403830235311,0.6224329751367723,3.826264875637612,58.50402085773429,0.060354142146512184,0.2668467123297112,0.0,Bronze
A015,11,506,482.60903573225676,0.5084820823048247,3.0881281178469737,38.60760358551876,0.1249740711037824,0.3124193030384136,0.0,Bronze
A016,11,496,514.4537431137921,0.5958873105814995,3.4865934297463546,41.704738544840154,0.09910241222816357,0.24251768003107413,0.0,Bronze
A017,11,531,481.90671137902666,0.4221463040374944,3.0313391469139344,37.5840741181127,0.19160252031420683,0.33557614109409956,0.0,Bronze
A018,11,493,448.1469571711915,0.6233376671991547,3.492011150432454,52.029934236967556,0.12988197091650985,0.17472203174699796,0.0,Bronze
A019,11,544,485.6824187218416,0.6374440850551544,3.794923061723239,56.898946671703776,0.08940704123341224,0.26623162991205623,0.0,Bronze
A020,11,378,630.8223506712245,0.5066176231023211,3.4562601414616214,40.71313283135346,0.10140702845569277,0.3048447153706794,0.0,Bronze
A021,11,558,391.12048587745187,0.486246559724561,3.246542112876791,50.89752774349762,0.15965828201729032,0.3041320905101617,150.0,Silver
A022,11,546,456.5744995071838,0.534774469080387,3.4711783718511664,44.209331931661616,0.20384999202599516,0.28671545683197835,0.0,Bronze
A023,11,661,385.19388579104645,0.48684353735143515,3.006656415320595,47.60416459051302,0.20576757534038537,0.3200602103452169,350.0,Gold
A024,11,428,553.9494506164955,0.5975664251947658,3.7276183599636603,39.23512315904607,0.0497866782627946,0.26010638421715787,0.0,Bronze
A025,11,540,511.7048906888093,0.5462356483414363,3.3347710152087737,54.4016963601527,0.09591913150641879,0.22528407558148889,0.0,Bronze
A026,11,630,400.39734857893905,0.5171298691159842,3.1179929429936237,47.41930828849559,0.16339901004753682,0.359038019389282,150.0,Silver
A027,11,590,435.6485488329454,0.4803658938118387,3.247434714646027,36.25708003746976,0.1696211111365097,0.343877667058118,150.0,Silver
A028,11,672,439.7013513667129,0.40254992211929724,3.0862818973572494,31.041854562307467,0.2958914159125525,0.3004316912936362,350.0,Gold
A029,11,456,524.935019609151,0.6487375190674168,3.8457747595660177,64.78221999437798,0.03183563845393404,0.23015087545873553,0.0,Bronze
A030,11,627,431.9891398328251,0.4062593555609918,2.9284760320636205,30.978499404717372,0.20290772769318624,0.33041523207092205,150.0,Silver
A031,11,659,356.0135830495309,0.843313241340068,4.312248422099565,68.368736299723,0.12816315083048094,0.19504019045924167,500.0,Platinum
A032,11,697,344.9975829623837,0.49422564402713137,3.2148765295806987,52.87737941542527,0.2919207503275123,0.2375316743295544,350.0,Gold
A033,11,420,499.7885583635236,0.6570693922658045,3.594438971252583,50.77543684175536,0.02,0.2222019951607845,0.0,Bronze
A034,11,453,538.1863575818659,0.47232192686484975,3.0127162357565385,41.47623988592549,0.06633138069560102,0.2582521359539349,0.0,Bronze
A035,11,529,488.3469269401155,0.422418565504202,3.0170130902829255,41.709564300072536,0.10611792244912516,0.32247970832346906,0.0,Bronze
A036,11,478,482.4644090635423,0.5787261845146188,3.5010399135039676,43.32714067057964,0.08883027214533201,0.25433449940160535,0.0,Bronze
A037,11,688,416.314493933398,0.4883506103195169,3.1765092683637546,34.43945593076637,0.22414233969359088,0.3070505778936746,350.0,Gold
A038,11,653,432.36631225210925,0.6812589164877539,3.880243852876405,48.65598137181879,0.15263503887016075,0.20935020143462288,350.0,Gold
A039,11,518,480.22692583698455,0.48608655272390455,3.1379023808718696,38.697477397013714,0.1489868825138594,0.28303467716872244,0.0,Bronze
A040,11,693,340.9007081969652,0.5123695745836833,3.2977031913125736,47.10306880007012,0.21395668276025354,0.31364187091942114,350.0,Gold
A041,11,520,442.3198921786243,0.5076435387146944,3.2283151082302206,40.01921130947786,0.11109847445085815,0.31058276674239965,0.0,Bronze
A042,11,585,392.01518993360435,0.5812324499290641,3.700353770641094,46.99092798301094,0.1723940345162719,0.2840489703117216,150.0,Silver
A043,11,518,485.6097898488775,0.7141057433733385,3.9553146443409632,54.95680835841343,0.10947644132218118,0.20905069993593928,0.0,Bronze
A044,11,555,396.834936254425,0.5272245345018598,3.6479204635652103,39.92197618793338,0.15504598079651036,0.2719580287325004,150.0,Silver
A045,11,675,403.3875725584398,0.6123068002736779,3.642223604466234,52.3030785589206,0.17851277948681016,0.25151170542990575,350.0,Gold
A046,11,523,471.10383279668787,0.5056088107876759,3.185536160854611,43.22707365181335,0.14904043911379036,0.31279133778698315,0.0,Bronze
A047,11,583,477.49021623224013,0.5650828795719451,3.3118459016735566,48.58742035297601,0.13734177061640052,0.20866345714206652,0.0,Bronze
A048,11,590,409.6795634961748,0.587756329630023,3.272301761207434,48.79300525427194,0.14589534416772593,0.2767208260591165,150.0,Silver
A049,11,442,542.7149721967315,0.6149210922143045,3.4799149631806467,44.379138547258975,0.06233974594414572,0.26330570873432213,0.0,Bronze
A050,11,640,412.5704034326345,0.6632279318917293,3.6155697621310363,53.42848155743208,0.13966043803280895,0.23657335442588007,150.0,Silver
A051,11,605,450.6053284563917,0.5402217295036528,3.4431466456975013,48.41658678367929,0.13952370974980904,0.2794319055423886,0.0,Bronze
A052,11,525,494.38975160455857,0.6351261711116197,3.5991778783613344,43.8827433173044,0.1385599106599549,0.16896594997737968,0.0,Bronze
A053,11,545,435.062737222153,0.5846913136653646,3.5035815703682807,43.70459896909161,0.1560785681390771,0.25292787664084193,150.0,Silver
A054,11,726,299.7327205912167,0.5000593856300778,3.3399701686315812,41.8331889486441,0.2512589179388825,0.3536594070802901,350.0,Gold
A055,11,452,474.5207644299592,0.5085607490830056,3.2685242208771457,40.92405113978698,0.043687595139787656,0.29696273923384686,0.0,Bronze
A056,11,563,406.4044444563748,0.49674713249401553,3.4528890313183638,31.3483527656633,0.19394258419137944,0.2920824518421522,150.0,Silver
A057,11,748,304.8522592347003,0.5029888520986393,2.9687922435004412,42.371416838660366,0.22455282309234023,0.29931164502824764,350.0,Gold
A058,11,529,486.902225433399,0.4726501892655791,3.174441064595159,47.56725029990456,0.06277112732812909,0.3215831103526086,0.0,Bronze
A059,11,483,457.9806947049455,0.5385886434828328,3.25363954057855,40.89510495128605,0.10865066585610608,0.30432914994755084,0.0,Bronze
A060,11,671,371.11813740303904,0.5543347745193279,3.501668864275894,41.704247505378405,0.2598834443817616,0.27139968529753056,350.0,Gold
A061,11,588,426.0743655191606,0.523293457346567,2.9648020529130155,52.9705532074125,0.1506158414151226,0.30343020513318375,150.0,Silver
A062,11,567,398.74368965998144,0.5388894268856904,3.136101512541306,46.28962176726501,0.13592581918054547,0.3347437533285646,150.0,Silver
A063,11,441,477.19514711008355,0.6023584117571703,3.536859999395815,50.434737105981945,0.06365194702177147,0.2892441592801133,0.0,Bronze
A064,11,692,366.4244806580176,0.6248590466758995,3.8200515096278234,49.36726543545341,0.16778660697382447,0.3202653878053495,350.0,Gold
A065,11,705,313.3336958350413,0.4969080995310597,3.1879402118597597,44.248837350662534,0.19823110665495983,0.28153364943702464,350.0,Gold
A066,11,600,440.45151420188336,0.617796209682172,3.366235154813238,48.134201159550365,0.1345368337307387,0.3031672013521916,150.0,Silver
A067,11,662,440.1572190283695,0.4185001623214621,2.7894063563223996,28.284773220288397,0.23902386014817384,0.30887972587373735,350.0,Gold
A068,11,515,453.7647694438359,0.6150559356714767,3.836130260101659,49.08221008464887,0.11753983807116491,0.2645846101336233,0.0,Bronze
A069,11,559,521.8924358492088,0.5560091158894003,3.35673774458632,50.9189174972253,0.08418900429351153,0.29957064952138285,0.0,Bronze
A070,11,475,533.1648007721881,0.7031508121173417,3.806976788580019,69.52632631885592,0.03407578175382202,0.20341635939592914,0.0,Bronze
A071,11,576,388.26359438611996,0.5816399020664779,3.6948068189436425,51.4348509490767,0.12514586865080674,0.26998296749763717,150.0,Silver
A072,11,735,342.8235199732055,0.4772368316385297,3.2194888280625005,36.20760877685272,0.2238960626426958,0.3364191004181433,350.0,Gold
A073,11,566,447.5979054835399,0.4335334789742186,3.231823586776662,53.57241758758273,0.1815773032910584,0.30527848146095526,0.0,Bronze
A074,11,647,428.45777212773527,0.43589847390945313,2.8892451674939688,44.82040534011344,0.19269590697008873,0.3757221142226481,350.0,Gold
A075,11,506,447.66878131662526,0.5791851629471519,3.2345892680235235,42.97635246639891,0.11597975685016718,0.22678803607931874,0.0,Bronze
A076,11,675,410.7347690452228,0.49630092649686125,3.2721827601180125,47.657050111504816,0.21718569960974599,0.35967037268310703,350.0,Gold
A077,11,599,471.9942048825447,0.4781940589225883,3.2252558119297525,44.57086472960244,0.1882463991554078,0.33876216047495245,0.0,Bronze
A078,11,431,520.9506525785339,0.5777761258396615,3.543261624289569,40.41546648152954,0.07369256349380726,0.266197782374302,0.0,Bronze
A079,11,473,469.8355153696971,0.5465261112369001,3.6088886227553076,52.70263158586639,0.15128056134044554,0.26930950916813795,0.0,Bronze
A080,11,556,484.41038678810196,0.5247788937069847,3.079019056759924,47.52598094575542,0.1335472061854469,0.2748775946334754,0.0,Bronze
A081,11,581,451.59430186991676,0.6167082487971818,3.708370831735235,49.19776971331408,0.06912661975165274,0.24924283127341687,0.0,Bronze
A082,11,595,375.6486629922518,0.645300153864842,3.4880142225832267,52.31790353470703,0.16865038528787166,0.2404250626075984,150.0,Silver
A083,11,391,520.1035452172995,0.5193177609026944,3.451689797946895,41.34697434681301,0.022799498881296787,0.32992968303795966,0.0,Bronze
A084,11,472,498.16322204242823,0.6367496434149856,3.639156141564866,64.13443870726849,0.06396797373510896,0.30435976564554323,0.0,Bronze
A085,11,493,423.31175828060987,0.4466348826079952,2.892131308543298,34.381757058989045,0.09833030174684913,0.32732744457642216,150.0,Silver
A086,11,671,391.95294164971926,0.46336232711411474,3.0430099160178408,45.87445471768429,0.17133172068548086,0.28928621451467196,350.0,Gold
A087,11,609,367.32773641644917,0.6738067553433893,3.5512548551841547,60.248010610796555,0.11901444122308566,0.21410551664355842,150.0,Silver
A088,11,504,430.76906709085995,0.55479809417244,3.335626617761707,40.437584319029135,0.07827430002413288,0.27258803879268545,150.0,Silver
A089,11,406,539.3362302680321,0.631961670154701,3.540267933911267,40.28770853982127,0.049343892858449805,0.21631166877921637,0.0,Bronze
A090,11,553,441.8332822886141,0.5646899255796207,3.560066383034853,47.82480417554062,0.13188094425807573,0.23875578770493033,0.0,Bronze
A091,11,561,494.98049938846987,0.44911610975105454,3.1906150503567465,33.97358750674144,0.14353415809043682,0.383267372470769,0.0,Bronze
A092,11,714,339.5793062504613,0.5923796461266635,3.709786536690535,51.95244552773458,0.21172055310719623,0.27212654732772223,350.0,Gold
A093,11,515,461.93687744936403,0.7139010802359447,3.978132420020809,56.87483509037932,0.02,0.18944557389521172,0.0,Bronze
A094,11,631,393.7636545929149,0.5082403839125925,3.306262355879605,33.48035038928026,0.19240487675551288,0.3212019535456943,150.0,Silver
A095,11,541,446.51269562360346,0.5407634464669232,3.5462702122908762,32.99348184858063,0.1367841053857013,0.24834423766902533,0.0,Bronze
A096,11,769,336.4550683871782,0.5624912457256548,3.260132867316521,37.53173400151001,0.17350357375739847,0.24212314027360649,350.0,Gold
A097,11,616,430.19811783465406,0.4696086133390305,2.901442358889986,46.684591711903245,0.1386563245318025,0.28806528263246045,150.0,Silver
A098,11,623,374.3768151574618,0.5203691444949975,3.274470407665201,43.56178158341209,0.18721801540056462,0.34148774062795195,150.0,Silver
A099,11,694,331.1146702934825,0.570973007296002,3.1375972831040406,44.0397656432912,0.23727543405901305,0.264024395108248,350.0,Gold
A100,11,523,514.9146528339094,0.5978532519542621,3.9612168682629343,53.215499457750035,0.0996898435875902,0.1876074896112206,0.0,Bronze
A101,11,655,369.455804176307,0.4370960455307757,3.2265013368390623,40.70386759219283,0.2117144226216756,0.3614635597829575,350.0,Gold
A102,11,598,425.9035924761277,0.593485782289346,3.8472945752872567,50.8293638131447,0.12736368333739395,0.25341424615939084,150.0,Silver
A103,11,577,407.96318582173933,0.4112387062579678,2.92144101920922,38.830557628134514,0.20744019776346412,0.2800222773204607,150.0,Silver
A104,11,680,366.8847052661413,0.6247561644561869,3.6541594121140704,48.59886440506028,0.20641273611961777,0.24059702957862295,350.0,Gold
A105,11,452,559.7687423654261,0.6081451402815095,3.583956196176963,60.650747729606266,0.02,0.2723720607855433,0.0,Bronze
A106,11,635,375.454299368512,0.4742206752696748,3.2131720487069826,39.535202768486855,0.17142531474434525,0.32243320488811916,150.0,Silver
A107,11,648,395.54679303935654,0.41778245901262734,2.752859023920872,31.857703866399902,0.19410590886871582,0.38683946576989364,350.0,Gold
A108,11,676,366.5938545857328,0.4662597366156683,2.731676632683844,44.498504789992,0.18317220570823808,0.28791306947663475,350.0,Gold
A109,11,435,505.3148359081097,0.5811074310799195,3.3796659616411935,42.246776407658274,0.08664547738903539,0.2689586311759814,0.0,Bronze
A110,11,451,493.5438666166907,0.6027863738688496,3.3535343135087934,54.798558627366674,0.10755007091760438,0.23789837209510747,0.0,Bronze
A111,11,538,476.3379440128839,0.519100034905108,3.4845443060767436,34.58394727973815,0.14898592279971307,0.24609419921234008,0.0,Bronze
A112,11,560,476.016548816916,0.4467559923663464,3.331592402046643,31.113284867726918,0.12535456195034556,0.3478634242226401,0.0,Bronze
A113,11,486,479.91482593830284,0.5368108708566404,3.169104439381345,49.52477082641846,0.15308024196666584,0.2991737387317694,0.0,Bronze
A114,11,686,342.92899621496645,0.45079444195500756,3.169981683217686,32.94052757802639,0.2602123381775357,0.32819257670896257,350.0,Gold
A115,11,426,488.7144403720628,0.7115221381904815,4.042593877004036,57.748274270862815,0.02,0.2281948505215667,75.0,Bronze
A116,11,525,447.2564141458166,0.5793745588218765,3.234718203641238,56.507695662601876,0.12821270392185535,0.24768599089059679,0.0,Bronze
A117,11,458,557.467187107184,0.6115123332970317,3.585818054040762,53.53650792611957,0.05876223870006765,0.22522421406164148,0.0,Bronze
A118,11,718,333.5719017908906,0.43825805739157897,2.8721844896141038,36.59163912748013,0.2382269523743126,0.3258261982084492,350.0,Gold
A119,11,637,415.3786929115469,0.45419619407992873,3.1879846493937483,34.37890667567007,0.1988185729582396,0.3531578644403769,150.0,Silver
A120,11,573,404.16679465175315,0.6389963961842786,3.458714063079304,49.810373901416014,0.19330753874406476,0.29264375558989497,150.0,Silver
A121,11,504,466.7743169167478,0.6583431672235894,3.7241023170933096,58.09417539987618,0.0943740899263658,0.2605257143147872,0.0,Bronze
A122,11,630,411.2145550408702,0.5827769582588977,3.3654314748524743,41.31074757874477,0.16793099713804724,0.26776444949948375,150.0,Silver
A123,11,483,546.2436166615827,0.614714064676265,3.734991613574737,63.440019557770626,0.05172095881226621,0.2622078920114921,0.0,Bronze
A124,11,586,443.48464640310374,0.5488976315011274,3.3402879864057002,43.733483566452264,0.15825464783481583,0.2807887631793102,0.0,Bronze
A125,11,655,353.9639459749882,0.479651273225483,2.9872992108609138,33.38815212136646,0.271795718888295,0.27736119051882396,350.0,Gold
A126,11,683,433.43001859728724,0.6015862935502615,3.518181735920643,42.66167131502153,0.205165213726093,0.26010490392621166,350.0,Gold
A127,11,504,485.24104024690257,0.6507372156568291,4.01238370081995,52.24449750765694,0.06271928360330807,0.19966030920961358,75.0,Bronze
A128,11,732,357.1954686155323,0.49588520168368394,3.0805746216447343,32.27064726424354,0.16764745509023782,0.2979236025434352,350.0,Gold
A129,11,396,576.2504448065823,0.5746398944074623,3.4151002722706547,64.4927285272008,0.050664552571344945,0.31922719555490464,0.0,Bronze
A130,11,570,430.4282372377812,0.6033362387549751,3.645561404594126,59.20440924091994,0.11667674738168592,0.2833512811815105,150.0,Silver
A131,11,477,552.9694408834004,0.5273002406498926,3.3247885325070046,42.97325862689727,0.09587338597233468,0.2613863282129471,0.0,Bronze
A132,11,408,519.3119281830627,0.6338519493205126,3.446656275277726,41.332249015019585,0.07621163568328168,0.24428634818252645,0.0,Bronze
A133,11,671,456.04374068541784,0.5265426869966164,3.6156734041426044,36.35059780171859,0.18300757323501132,0.2643516358487113,200.0,Silver
A134,11,708,351.3382278417106,0.6678494151279789,3.673699288418857,62.261314514892554,0.17030575558190017,0.23098482090349215,350.0,Gold
A135,11,629,404.9789921305367,0.6560244287755551,3.64029922955293,53.08427580170439,0.1791672819374984,0.26882346298551485,150.0,Silver
A136,11,596,473.91094044111185,0.44181509659242596,3.099367965112874,33.781505337097556,0.16982568887914007,0.3428641995123267,0.0,Bronze
A137,11,629,396.7009564917503,0.5339145870538119,3.5303120432870303,36.23855994207111,0.17408149745734522,0.36095848760083526,150.0,Silver
A138,11,724,375.49338082147324,0.4927048422619081,2.944390654832237,42.43191516821228,0.25640243429955645,0.33869238517046385,350.0,Gold
A139,11,484,429.4744468657733,0.4812246239586498,3.2118326221799114,42.84686950293439,0.07769981893125008,0.3136301618488708,150.0,Silver
A140,11,578,395.5229101225685,0.4815006487300108,3.4218170918587827,44.22667692758114,0.19497974800910253,0.3277142397319945,150.0,Silver
A141,11,516,461.1754981131764,0.5116089410577532,3.304424768279966,37.86334066076415,0.1007736230367314,0.28928312835139863,0.0,Bronze
A142,11,681,410.09612313775466,0.456530801410615,2.872103751735626,39.23974896006748,0.21226542005310747,0.28356255202315905,350.0,Gold
A143,11,646,397.6124072575162,0.47524487868568904,3.015366521555038,31.147885478655397,0.22663309723129008,0.34907534587434996,350.0,Gold
A144,11,671,402.62063269368036,0.6537395829743263,3.729595640915904,49.63773109679979,0.13318025889173074,0.2687739111182189,350.0,Gold
A145,11,662,371.2687595830087,0.6798698874431075,4.013459764185396,54.49275231376108,0.14206618708996036,0.22082041858493806,425.0,Platinum
A146,11,535,483.7282725715809,0.526347065755797,3.2494488771749497,35.33847524835999,0.16575645288511587,0.29767924580562133,0.0,Bronze
A147,11,579,430.42201023056765,0.580048603618358,3.6075347601475154,56.387946795570656,0.13445228266505843,0.30520873417420097,150.0,Silver
A148,11,385,576.1657356522539,0.6045090356438,3.3899229980203107,46.30304601456002,0.06785448407201353,0.2835869285286606,0.0,Bronze
A149,11,614,477.37875971437984,0.47516531689213826,2.9549802312331757,33.153645617435295,0.16691726205036234,0.26604083570565373,0.0,Bronze
A150,11,702,342.2294572697317,0.461494407600484,2.9933944065849754,47.02932393271626,0.22325148297170877,0.32271083760450114,350.0,Gold
A151,11,589,437.339275392006,0.5358996949634123,3.571540278388671,55.75131336721694,0.10373594458536832,0.28061117624998416,150.0,Silver
A152,11,639,434.62301536500195,0.506972718857786,3.2895215809725764,49.127342152214375,0.15993657399898822,0.330600933431046,150.0,Silver
A153,11,564,409.3020133832633,0.6249185432508018,3.650727360527766,63.79939314803295,0.10879158381006757,0.28096386486315916,150.0,Silver
A154,11,468,452.3225679304291,0.681266451113381,3.8270335772205457,56.840112615654874,0.09854094885391868,0.2670516543999889,0.0,Bronze
A155,11,624,426.6498998294843,0.4575231376861364,3.2534956890172344,42.029597588356665,0.19631948351245662,0.2834539147639392,150.0,Silver
A156,11,562,470.1737604775015,0.5521994097556945,3.283627558015504,37.01811365782803,0.07940322043836645,0.25559689007603503,0.0,Bronze
A157,11,631,353.82316825446117,0.44530520204817586,3.1155681268935838,44.658084201037816,0.19259727028986398,0.35530039226479276,150.0,Silver
A158,11,608,391.68276961490994,0.5382711637662216,3.176489406505884,45.048283360644774,0.14845172251430214,0.266942160033238,150.0,Silver
A159,11,464,495.79204245258717,0.789028002804596,4.471341926833494,66.34092170861726,0.03765467829020321,0.1387458094507324,150.0,Silver
A160,11,495,505.1924705830701,0.6094169109545157,3.539847700601911,55.4517470061005,0.04832919031052167,0.2722111302466157,0.0,Bronze
A161,11,562,473.00462398094106,0.4690689769135253,3.0041570944370735,38.07020512759401,0.1318418876075336,0.2959558560266107,0.0,Bronze
A162,11,568,438.48408987468486,0.5894452896303015,3.5803872170894047,42.809649930498814,0.15577874975785846,0.3179156072571314,150.0,Silver
A163,11,527,532.8175852696024,0.42255100937866974,3.089753038806596,33.11642852358713,0.11031624753006285,0.33986513286818604,0.0,Bronze
A164,11,607,426.43005568938656,0.6347772586437417,3.674134990007107,53.39553143489101,0.14117148122029563,0.2508968751417533,150.0,Silver
A165,11,474,471.41686253505975,0.6139896212251476,3.6403275019805634,44.27534249611225,0.07936497090086574,0.2433268347614683,0.0,Bronze
A166,11,465,423.5249262307918,0.6050775581683195,3.3461706127005177,47.61804908622159,0.08480858259335963,0.3056940367504813,150.0,Silver
A167,11,605,394.56135493839435,0.5672680968701099,3.6696265704591644,51.95356742194654,0.13279054554188244,0.28384939504865064,150.0,Silver
A168,11,430,559.5715588217719,0.5832188901932424,3.7176681471583106,55.6272611920567,0.02,0.25445745837801687,0.0,Bronze
A169,11,496,502.7609973937654,0.6418375987453976,3.9393117760344047,54.07663973850008,0.10429298657361087,0.2194424493036775,0.0,Bronze
A170,11,538,417.21403164651235,0.48777382036892697,3.0676462955093893,39.45681616726463,0.14487998901285368,0.3026862802155027,150.0,Silver
A171,11,719,377.54478983754206,0.4507347119169058,3.085435890117142,37.8968107386503,0.2386651023530957,0.2903767101185935,350.0,Gold
A172,11,511,467.635161702072,0.6420565111079157,3.7301452096847947,56.60095310137928,0.12696929600084267,0.274043718807202,0.0,Bronze
A173,11,755,333.3852798529986,0.6236803073412525,3.726243653961701,58.26911492314825,0.18999313287907288,0.19627761544277197,350.0,Gold
A174,11,472,436.76114008184106,0.6210289604203256,3.709430954425757,43.012574222283995,0.06388805488853286,0.24740299498187762,150.0,Silver
A175,11,599,390.33894385201813,0.5511829702175445,3.4043464656984055,48.39246192224647,0.24665874217483483,0.29783081826562025,150.0,Silver
A176,11,543,463.81660902013715,0.5625595674538599,3.2246224356592834,44.462515402934216,0.1091298005240909,0.2852397556217457,0.0,Bronze
A177,11,483,457.04970616143146,0.7154888803736873,4.181468883143888,61.20345628653206,0.07288947500920576,0.192285958660055,75.0,Bronze
A178,11,479,480.37734780948483,0.5968303352457531,3.6118408362933594,48.980003343285674,0.15817131988195926,0.2810756271028952,0.0,Bronze
A179,11,651,344.4219984031061,0.587357302213029,3.3527922669755257,47.64872213478654,0.1986638338951602,0.23847589746321116,350.0,Gold
A180,11,660,316.12849720731657,0.46429904266846206,3.1099304633477463,46.97205600990683,0.1704144418236498,0.3136088432377109,350.0,Gold
A181,11,652,402.80515247650584,0.5891090615704512,3.278827980457613,48.55572366440366,0.17349647601972126,0.2839116225312302,350.0,Gold
A182,11,517,460.59262167456694,0.5765160686659851,3.5957330069160465,43.94331326407784,0.11450940092522677,0.28328095591839936,0.0,Bronze
A183,11,509,517.5107632614731,0.5700083738177841,3.2794347215138204,52.28693519835574,0.13348076221059574,0.2517454801303023,0.0,Bronze
A184,11,654,432.43494493563367,0.6019218595086168,3.505582934955723,51.673459372907594,0.17535354460421138,0.2951560916934842,350.0,Gold
A185,11,473,519.7349880915735,0.6219574395012349,3.677993350698607,50.834752760996196,0.034835036389905476,0.253817861344072,0.0,Bronze
A186,11,488,451.20496484594537,0.5781836865545564,3.609982676628407,38.6208217664875,0.10218208740358291,0.29101638770635196,0.0,Bronze
A187,11,570,489.2141423522616,0.43958099585566196,3.063179803742819,32.674163974540285,0.10813416724093286,0.37004063185793257,0.0,Bronze
A188,11,570,464.6210291290858,0.5451933348057642,3.5088619347662453,53.383468903800015,0.1537279981777427,0.31544828254093255,0.0,Bronze
A189,11,638,423.2789663593265,0.5207850667668439,3.27462216802828,55.10481663699498,0.1719951169242082,0.3252898554831937,150.0,Silver
A190,11,454,526.0294259553027,0.5613402027048929,3.506446343263793,52.758411184068734,0.07112248611503562,0.28124431681352696,0.0,Bronze
A191,11,675,312.0596563505349,0.598082329243909,3.5022521730633582,55.098541361231725,0.18091693040819995,0.2845851219297516,350.0,Gold
A192,11,682,347.18089973811834,0.5134946536687914,3.1808234592903366,40.060563754052986,0.15323143585579083,0.3010100357694129,350.0,Gold
A193,11,577,410.7504455626204,0.6157980086400291,3.300658995611264,41.44300176943141,0.18564384978436016,0.21740106251063596,150.0,Silver
A194,11,389,526.0321121668073,0.6542457155418664,3.6462513261991685,50.851097249354794,0.04552716766320121,0.2473840275584047,0.0,Bronze
A195,11,642,314.0173276852603,0.6460075703660175,3.660840947238867,43.95484704262326,0.20442720900825304,0.24928780136574694,350.0,Gold
A196,11,519,442.068040334398,0.6073176619053341,3.497422494769904,53.484752628341475,0.08915446355189742,0.2745848160835209,0.0,Bronze
A197,11,730,355.62952707069616,0.44751924615980443,2.992562334047243,26.745379647180275,0.23510340288538759,0.31715239227967634,350.0,Gold
A198,11,521,480.42610350371467,0.5221796727273531,3.243887984774879,39.54798689089661,0.1348174237530411,0.2682844642061432,0.0,Bronze
A199,11,515,475.34549844635364,0.6945591761851218,3.7018377005134893,45.511205965152314,0.10742613854141,0.2418715120212081,0.0,Bronze
A200,11,553,424.84660047795126,0.5768616975069223,3.38840071080438,44.474453105955895,0.1534391905322156,0.2298571523796636,150.0,Silver
A001,12,529,496.38051390362796,0.583834651479096,3.299902021683892,46.61512341447162,0.03779184747945131,0.26267035792250215,0.0,Bronze
A002,12,464,484.53831779604747,0.5627980142113636,3.2886583052403635,46.945414277090414,0.09602308248879544,0.29812823096287416,0.0,Bronze
A003,12,544,497.90905169501406,0.5051628347200158,3.257336758970622,36.40794400932233,0.0779320476524823,0.3065232128044502,0.0,Bronze
A004,12,419,523.8808492501842,0.5595599130167758,3.453957183966139,37.00458742340478,0.049109748693675924,0.3303095039529034,0.0,Bronze
A005,12,586,443.8838471655852,0.5935280707459644,3.557582394503323,42.55572471316672,0.12341824333357965,0.25963541227631176,150.0,Silver
A006,12,624,361.0051781942127,0.4529343424308792,3.115067520679335,43.69109839639045,0.22949072943067875,0.3591165055397322,150.0,Silver
A007,12,433,574.1322124139991,0.7013217032039214,3.9661478640934904,54.36900000379239,0.09020861204435504,0.24569474117296725,0.0,Bronze
A008,12,556,442.237301670938,0.5227541097833113,3.2881276274963285,37.224714666748355,0.13648821066109448,0.31296165467280024,150.0,Silver
A009,12,620,397.21237483288826,0.41546363592406627,2.9191613181684293,36.13391373263791,0.2507983413422402,0.2734698058665189,150.0,Silver
A010,12,605,434.8145529293837,0.4539862905102529,3.1852132915106575,38.98402511431503,0.17641558159009327,0.34628117064233016,150.0,Silver
A011,12,419,498.5971646173805,0.5203350822029165,2.9902143343881202,47.689961559112845,0.03138003157550533,0.2880407277515588,0.0,Bronze
A012,12,466,475.5796717093662,0.5740067077535512,3.726973309311833,52.49557608721314,0.14376609416663522,0.25707952206553275,0.0,Bronze
A013,12,598,392.07210352211877,0.6275702648040535,3.2533749191803922,55.30254264840118,0.13007995781370582,0.20448450284304115,150.0,Silver
A014,12,487,475.31041552569855,0.661230955987835,3.598933193869371,53.932640492458894,0.04277643158135825,0.2353400035858205,0.0,Bronze
A015,12,501,514.2143873183295,0.5593447765936161,3.372464862971864,35.86677590172296,0.13523680977628938,0.2772686372671008,0.0,Bronze
A016,12,528,434.63000081021244,0.529822908535955,3.3999804700878666,39.92091292390052,0.13528859704057478,0.24898077893117382,150.0,Silver
A017,12,549,443.5214441966835,0.508305869112185,2.761098773895302,34.69603682854634,0.15318797318117092,0.25247924716831527,150.0,Silver
A018,12,534,490.1897867838692,0.53649235708078,3.373125752911298,53.884277793612846,0.0661337789587999,0.3000016415715313,0.0,Bronze
A019,12,530,467.3813744758285,0.6057023392913875,3.7236837462210484,59.87357438552951,0.053825045366831956,0.2838702182152863,0.0,Bronze
A020,12,385,581.1997388560129,0.5317053345080289,3.527912445111563,35.13541987372712,0.08218318604423201,0.2930263534944611,0.0,Bronze
A021,12,550,434.867289586025,0.5236554707422475,3.201241548533732,42.55448774117432,0.14344488622712723,0.3250628511936319,150.0,Silver
A022,12,623,453.79689469746575,0.4448007521820734,3.0181343969612215,41.266366253949556,0.18648999273638195,0.31948814959662564,0.0,Bronze
A023,12,591,432.10519033490266,0.4863977971324168,3.086203849065496,35.15194348103175,0.2059480389027898,0.3038103429150272,150.0,Silver
A024,12,393,542.3372537673621,0.594995622541837,3.5123048514134108,44.38957412737017,0.03001434636097065,0.23449091012104145,0.0,Bronze
A025,12,500,519.8521000133383,0.6330024624417336,3.533808697057993,56.60089877517649,0.056542090085956016,0.19999175569669503,0.0,Bronze
A026,12,563,439.32232973141475,0.5673659375713476,3.2975464881164163,41.34452991911876,0.15939896809371526,0.3286934889872485,150.0,Silver
A027,12,665,386.3776077866965,0.5486268716353415,3.3844878178911344,45.45867610638302,0.16947599735608837,0.31448822285335576,350.0,Gold
A028,12,722,411.85969178919225,0.43538794627016586,2.9933163089787294,36.06053091996794,0.2570244047500965,0.28406944447777926,350.0,Gold
A029,12,398,530.8627581159124,0.6888241224804482,3.9632953931100845,55.859300799743174,0.02,0.22914290824275912,0.0,Bronze
A030,12,672,396.6020879481845,0.418468797729605,2.963334383517269,30.674481234358666,0.18160380364555273,0.329611091575048,350.0,Gold
A031,12,667,382.0783770152556,0.7401681394456148,4.103421688224589,64.77526372220314,0.1481070147105353,0.19571297002686278,425.0,Platinum
A032,12,698,377.7896084231552,0.5726335650138645,3.571920390725326,43.07747243340206,0.2069712038842348,0.25867603856000604,350.0,Gold
A033,12,435,518.7401639720375,0.7081085499629204,3.660145038731712,56.73570404692651,0.02802506980052984,0.2281946544238712,0.0,Bronze
A034,12,530,568.95006478865,0.570654581671084,3.370905209159005,41.15940878888429,0.09221179030913988,0.29628343309571065,0.0,Bronze
A035,12,580,484.8025656043724,0.5519158003531378,3.3538873470888637,42.00762249629199,0.18890239026258554,0.29130541492959106,0.0,Bronze
A036,12,502,501.44885553913093,0.5335332091859185,3.374306985575581,54.292515479458515,0.10462184994663827,0.2829711650942568,0.0,Bronze
A037,12,723,339.52376607917563,0.4683192017628609,2.9567752992938754,42.922646830085704,0.23456531067652395,0.307955517788122,350.0,Gold
A038,12,647,381.0729135849567,0.6479729854021093,3.7813968355036365,51.77740325819444,0.14402767832456978,0.26891523534683626,350.0,Gold
A039,12,550,456.97123773411306,0.5165427867129787,3.5338890482272207,25.0,0.1959712677724505,0.30728623345829037,0.0,Bronze
A040,12,696,377.28044918514945,0.5125528574999582,3.2707975923202226,46.10127870462145,0.27922760457532364,0.2971595408910797,350.0,Gold
A041,12,569,479.7947479189871,0.5423297101113285,3.3897554426617855,52.93941325893232,0.10241767992036346,0.28199107702746534,0.0,Bronze
A042,12,545,421.4728428808541,0.5487575794398413,3.48690484958925,28.677475975864926,0.12763194046962706,0.2908550835124321,150.0,Silver
A043,12,505,460.74530520304774,0.6319168604455245,3.413311162136938,62.583419954124096,0.0813156782349575,0.2331827951650067,0.0,Bronze
A044,12,613,454.80168933138805,0.641373895604734,3.6670740264517385,47.17603230411823,0.16100021819781848,0.26809660627735266,0.0,Bronze
A045,12,618,357.32485616621,0.5756228074209451,3.5967118865212964,49.889821399042034,0.14934068891034624,0.23747512017648592,150.0,Silver
A046,12,534,554.4025878089069,0.423103144584244,2.9567377755028414,41.61786971344444,0.0848666948873089,0.31841504687330796,0.0,Bronze
A047,12,590,391.3688260820768,0.5793117061770751,3.2337226135014463,53.8561470953058,0.12559940095942773,0.2866085003925507,150.0,Silver
A048,12,603,452.8252604794189,0.6248206582927739,3.5991608836434197,52.67701793532668,0.1685973431323426,0.21608525228226222,0.0,Bronze
A049,12,454,501.3502494881819,0.6051098918937219,3.5589653517953113,44.60670620890663,0.07329638326225982,0.2107657869630262,0.0,Bronze
A050,12,629,408.40416051114425,0.7008909815240789,3.713336410851702,50.659943115973455,0.16961343347452823,0.2215359376532456,150.0,Silver
A051,12,689,418.46857912510677,0.5531119298278436,3.708730995486024,48.595800423323034,0.1901755992873132,0.22786148343546841,350.0,Gold
A052,12,599,460.94622238320926,0.5690727327140713,3.394593775978956,53.59077720844149,0.12381665963444098,0.23340680029281566,0.0,Bronze
A053,12,584,447.3814464833027,0.48558138318715055,3.034840771841041,43.50987056392947,0.14483665836290247,0.32846527028033273,0.0,Bronze
A054,12,709,358.76814125658825,0.406789519717575,2.919702928391776,41.45912129718896,0.2552364998142419,0.3311406343847979,350.0,Gold
A055,12,467,496.2315312822633,0.5815800041838424,3.639697097042234,61.78942468123647,0.052814675999675285,0.30593260681773266,0.0,Bronze
A056,12,550,500.05387425164,0.5354890960154232,3.3270247055942312,40.933853749949805,0.12234880465335939,0.24965993136570708,0.0,Bronze
A057,12,691,304.82811553017956,0.4888308616950552,3.178341290464269,46.06952627319662,0.22936506568967355,0.3016490843530094,350.0,Gold
A058,12,498,484.67759850247575,0.6077750354835946,3.4428718755671293,40.21826156990553,0.08101524294593494,0.26887752240279494,0.0,Bronze
A059,12,560,499.84941785786873,0.5918625673756933,3.7403517115030716,38.902970510785664,0.09772693954204621,0.2281395251458554,0.0,Bronze
A060,12,605,406.37273292381127,0.5841531280487997,3.5571445938542485,46.63479289033942,0.24028451885409957,0.2972916059154689,150.0,Silver
A061,12,634,425.1165683831606,0.5272214245394442,3.4681581032308317,40.080616290040666,0.22740714369469836,0.30443179667920345,350.0,Gold
A062,12,645,396.0638742632821,0.5424436727702207,3.4151509369485775,58.48150433510807,0.13506756205700576,0.23474391829128874,350.0,Gold
A063,12,437,537.7512444735222,0.6891744858921994,3.9682245138916095,56.22833460262649,0.07216665593311272,0.22319795175686222,0.0,Bronze
A064,12,711,347.940503511358,0.5902412947947935,3.344670080540391,49.13888418890212,0.1666099338748544,0.27548218416984155,350.0,Gold
A065,12,696,392.8306826506939,0.47701997084690706,3.0882632033876245,52.98703392050828,0.25490036583254216,0.29149031145539545,350.0,Gold
A066,12,566,446.0349821862653,0.5323265606183951,3.5360911192952074,45.82489196624879,0.1694098080897562,0.2426734285873775,0.0,Bronze
A067,12,637,353.6851392695006,0.500875960153803,3.364417207441988,48.08300475327307,0.15343809894153454,0.30800337962190116,350.0,Gold
A068,12,517,426.0394245262246,0.5432080201089021,3.189767525207757,49.838721958041496,0.12239148260877247,0.34905408046491604,150.0,Silver
A069,12,506,470.07301835516404,0.6300962479646111,3.653356810400683,47.84623800396818,0.07831932302567665,0.23635197783942485,0.0,Bronze
A070,12,483,494.4104793038305,0.578811307082142,3.5046256531014546,67.71833405724371,0.09715432363809162,0.3155527126056844,0.0,Bronze
A071,12,629,464.7324541920241,0.6382575797341775,3.588350799758567,58.4730875643914,0.15489913156016755,0.22212830345348492,0.0,Bronze
A072,12,677,345.00225283725194,0.4710476147873599,3.094963410635731,38.552863071447646,0.19760739244477268,0.3180473231353546,350.0,Gold
A073,12,517,450.3583963202636,0.540980660613844,3.514919581401784,41.81005084735588,0.1344241115060533,0.306753411680746,0.0,Bronze
A074,12,659,362.0752970133669,0.4856731490460854,3.1857639308175463,41.716447432083044,0.18849307310273047,0.3054783304024249,350.0,Gold
A075,12,544,447.59486290708384,0.6381311369705673,3.580417839225753,41.981854453294424,0.13437779120285337,0.23581547574533612,0.0,Bronze
A076,12,633,434.01122099943876,0.6063248149887588,3.6561250130445666,51.512635960256006,0.19511373317048744,0.27925389964500774,350.0,Gold
A077,12,640,401.65091851378236,0.4632891287926586,3.0229820324727545,34.24157975817612,0.1275140006461067,0.3714280019410132,350.0,Gold
A078,12,365,561.7826948114471,0.5111933612399722,3.396622391750635,36.56624393135669,0.11163276005797462,0.30454026324318506,0.0,Bronze
A079,12,422,501.90426878878645,0.5867436052673083,3.7348948734982317,47.516131649869344,0.14070731611601758,0.24982075259716624,0.0,Bronze
A080,12,509,462.3053830335455,0.5523985044732391,3.087161078507904,52.165870580358735,0.09259316151389516,0.27334805149291386,0.0,Bronze
A081,12,575,462.6219740764218,0.5450502392960177,3.5071841299835196,51.238189101159016,0.1309064878418477,0.35757113365095416,0.0,Bronze
A082,12,583,361.4298973302635,0.6027126146143561,3.2910296185388033,53.19201107347925,0.1949946688748903,0.2629621676444014,150.0,Silver
A083,12,404,580.3586338949939,0.5346983508299188,3.5988483791378214,53.23104685892254,0.10754731019518078,0.2682882487106933,0.0,Bronze
A084,12,483,558.0241734779564,0.6601235739947482,3.7281815725339014,53.97916759869401,0.04030552177619865,0.20159853290762453,0.0,Bronze
A085,12,554,471.6705319620531,0.5049222660070132,3.0334680637483067,26.026280152766304,0.17417280340776253,0.24325406077381653,0.0,Bronze
A086,12,678,441.67683237364497,0.6199219150877673,3.716931665028901,37.018623629548784,0.2752533317490526,0.2629387621802788,350.0,Gold
A087,12,646,369.7176641381273,0.7044938451854604,3.9105576885071422,54.74274124721702,0.13308277656691817,0.23784172171055093,350.0,Gold
A088,12,455,526.2935136204914,0.48855175434609205,3.0706140470523695,43.555597371750565,0.0823984256978849,0.29267841286260693,0.0,Bronze
A089,12,406,583.009031230551,0.6060525470152335,3.4306116749145836,42.26782075608158,0.06498204833692778,0.257129868652978,0.0,Bronze
A090,12,545,450.31028624873204,0.6020448654969313,3.5253748602126835,52.95395485586169,0.1083006555121787,0.2240682025225688,0.0,Bronze
A091,12,536,402.86936185300647,0.4458988735066242,2.8312964241633543,45.295164794191614,0.1492166432852205,0.32562830454217534,150.0,Silver
A092,12,620,308.79114490949473,0.607444735610687,3.3148937542990646,42.225559191811314,0.20861507875630653,0.2714669653727389,150.0,Silver
A093,12,441,556.6909752738021,0.7549970262899945,4.131398343263752,63.69714658935822,0.02,0.181946261468973,150.0,Silver
A094,12,691,362.6549349748911,0.5033434301476574,3.0446814994430924,44.954005041349134,0.17812384803701636,0.3493762080285122,350.0,Gold
A095,12,540,460.75401376127604,0.46542395384295676,3.200678609183718,38.52526472074589,0.1498162706805217,0.28871722866040994,0.0,Bronze
A096,12,712,326.4558320751135,0.5180287554605502,3.4453094493111025,51.65468930111401,0.1507533007096877,0.3012927959363494,350.0,Gold
A097,12,554,443.3632547297975,0.4506255877493286,3.0597774164433034,38.43836541991531,0.2051029652789665,0.34519928149140666,150.0,Silver
A098,12,630,382.14403861741124,0.5637121682373702,3.391553203340383,41.56198368142679,0.11210222991202688,0.27219644770057044,350.0,Gold
A099,12,690,360.0949892096264,0.526583386494559,3.5526001303004,52.091586301345046,0.15164328471250443,0.28371234083534164,350.0,Gold
A100,12,481,472.12032535356406,0.5988892947391774,3.3836513575310105,53.14689453397698,0.08709243188053481,0.21757829759083916,0.0,Bronze
A101,12,732,320.1494642309205,0.4745429535352057,3.252268142760427,45.04940074865872,0.23403972510295726,0.3509030634574062,350.0,Gold
A102,12,561,428.4724029405319,0.611770654074736,3.7365794543495072,57.97773495401044,0.162451329800564,0.2501949423200777,150.0,Silver
A103,12,729,450.1337897978955,0.44909688008051035,3.1799609434698626,30.35555548174773,0.20750448309529057,0.3364822107158406,200.0,Silver
A104,12,627,364.5564064481625,0.5795802601744744,3.6369803796255478,54.11799031876548,0.19172905167100054,0.28834951056601443,150.0,Silver
A105,12,457,534.4848876498743,0.5884728971850032,3.6196543914209927,51.14578975830084,0.05531473570299281,0.24576188636546617,0.0,Bronze
A106,12,634,404.5794993918783,0.508927263023011,3.1137725092571134,33.70793609534604,0.17737147886528612,0.29050323666205913,350.0,Gold
A107,12,620,372.88834438108915,0.431809028694375,3.120524135593895,33.58668537226436,0.22364526681221364,0.3673108590445551,150.0,Silver
A108,12,634,441.67954946468774,0.5578766023183631,3.5996627227327047,43.8738507346169,0.14266278911423041,0.24333342910044137,350.0,Gold
A109,12,468,486.61955932746645,0.5802539176473424,3.6467235809127407,49.99488260321548,0.0835468563866298,0.3317359751837808,0.0,Bronze
A110,12,519,495.0508654516614,0.6097286457931825,3.5991746076553857,50.046871793338376,0.0845695664816012,0.2337623581244388,0.0,Bronze
A111,12,581,479.98906819474826,0.4514370023928174,2.968890526921892,34.15307997138034,0.11713043267991745,0.2840396753436577,0.0,Bronze
A112,12,608,484.2124170818329,0.40664187455088274,2.982182286629973,38.478174017499185,0.1693278331580978,0.34131252080030294,0.0,Bronze
A113,12,495,498.3974473286442,0.5444449488833357,3.557039818465507,46.549968433852634,0.11442659303390333,0.3484724683768618,0.0,Bronze
A114,12,700,387.21350836151964,0.45056422891242387,3.164660123766503,31.78601125806552,0.25731840944503875,0.26244533036726425,350.0,Gold
A115,12,424,538.1691313774176,0.6216433605902698,3.623337885941422,56.51885113249472,0.02,0.24711218420920128,0.0,Bronze
A116,12,516,468.2039573060138,0.5647309842936541,3.493246666617313,49.37592792146375,0.11595007785971859,0.28839555680023504,0.0,Bronze
A117,12,460,434.4441795668111,0.6796208260051286,3.5403268115579842,50.92039214336237,0.05381709826625374,0.22916116835401446,150.0,Silver
A118,12,682,311.44996869160536,0.4,2.98213145620781,34.64034044470644,0.2601538944435849,0.3514576501000903,350.0,Gold
A119,12,602,403.4734634782704,0.4857400551184562,3.037087653452164,45.65657963389713,0.18983662652474748,0.2841629854874493,150.0,Silver
A120,12,560,403.4092151691427,0.6761633821610734,3.8642807667997245,51.19821563206091,0.1446408061064946,0.21154299175762922,150.0,Silver
A121,12,453,447.4171757804662,0.620222650780334,3.4443143653835673,51.26402244410607,0.0507207610300036,0.24745826027309037,0.0,Bronze
A122,12,628,428.35483986492744,0.5261065906319335,3.4780692349137645,39.82584453321709,0.18564707257294602,0.25566072111014404,150.0,Silver
A123,12,475,504.28385100623734,0.6687426388904065,3.8299779098457014,57.65106048111396,0.02,0.2311623524006317,0.0,Bronze
A124,12,579,423.3647579850809,0.5272246049708301,3.178822751797097,43.72335113424456,0.10073128059669739,0.2774477992015229,150.0,Silver
A125,12,723,340.38521658257935,0.42996846552820955,3.021314678547759,34.19827194787161,0.1927264320913879,0.3139112582340701,350.0,Gold
A126,12,689,349.4967873458474,0.5444747032334937,3.2345629306065526,51.223911858308995,0.2055022321190734,0.29182531108456167,350.0,Gold
A127,12,485,404.0833009381104,0.5848718190956208,3.570061229692286,47.37377756578927,0.1095575951733864,0.2114314875657725,150.0,Silver
A128,12,698,369.6234079828205,0.4526327101668152,2.9908282210021326,31.18866005448406,0.12695717683545088,0.3120742128317793,350.0,Gold
A129,12,407,535.7830636304873,0.6224261475190472,3.4145215899403345,54.017169092769606,0.07495540150543102,0.32055015396082687,0.0,Bronze
A130,12,548,451.7578053057407,0.5566700284450652,3.29708219873521,54.15746047806136,0.11319146949820676,0.2447486980322052,0.0,Bronze
A131,12,412,456.1589783293987,0.5174648772877795,3.1767676391602375,36.73753107011017,0.06821746074251032,0.3315790639794206,0.0,Bronze
A132,12,405,552.175714012807,0.619667021006754,3.850742947855255,55.65308193434948,0.048459621020750174,0.2537728752246794,0.0,Bronze
A133,12,571,381.8998909218405,0.5065094308657438,3.300712301464313,25.0,0.22843664160699284,0.2793074933872599,150.0,Silver
A134,12,649,320.93270294448973,0.7167724350309232,4.082810377915642,61.81616571432145,0.1923283087958318,0.17367177620173646,425.0,Platinum
A135,12,626,387.78536672414367,0.5557554811177406,3.650516976284617,54.07451705673682,0.21263939781305569,0.2818882665114607,150.0,Silver
A136,12,582,477.28138088085785,0.5321631617116118,3.2508509763235396,41.07590474876873,0.13936687226136937,0.33073664848979556,0.0,Bronze
A137,12,575,432.2199379714683,0.5368418500036011,3.2791330203850646,25.0,0.15458538843070596,0.27358692564265663,150.0,Silver
A138,12,705,312.70736243951654,0.5377584065819085,3.2105816305509416,51.11103977459357,0.19411621300586043,0.2824677946251334,350.0,Gold
A139,12,538,477.40167742383545,0.5383351275081836,3.2679593483568135,40.731888122198,0.1635016820261323,0.31497707450243656,0.0,Bronze
A140,12,610,455.10931550498964,0.44844891128341274,2.787626320644732,34.04432285711267,0.19950502915948118,0.33084655922702333,0.0,Bronze
A141,12,438,503.90770888313153,0.5899759245572538,3.536516630881058,46.61544303093009,0.1810191506172674,0.2168413567853611,0.0,Bronze
A142,12,654,477.2804102263312,0.4,2.7600301952956205,37.99724343503318,0.19362421916424946,0.34296661647565546,200.0,Silver
A143,12,655,375.1618038766304,0.46314053145917833,3.051147612330048,40.806542564260404,0.17873753378459822,0.3601108347362966,350.0,Gold
A144,12,587,415.20165961614435,0.5068526859749445,3.6147103928265354,58.90819130565161,0.12741653697736147,0.29615069001599725,150.0,Silver
A145,12,635,413.34923981488396,0.6867171958993344,3.790274260252746,68.62068669849725,0.16901002587546574,0.14306843875594494,350.0,Gold
A146,12,548,510.5743620033326,0.4549239015920692,3.1510573665685326,39.34838342521995,0.13329692331672102,0.32967688911090454,0.0,Bronze
A147,12,626,351.87222871659566,0.6199943539123376,3.6685425240160088,50.91390183316254,0.15331636661368495,0.24604856524874388,150.0,Silver
A148,12,367,543.2400019826006,0.5908793904755869,3.5827684224655103,39.525156223124895,0.06177970133420416,0.20877541139212874,0.0,Bronze
A149,12,597,467.3133383068176,0.47027797653969367,3.1936737247508837,35.39031931833566,0.17562579310274698,0.26151256668250905,0.0,Bronze
A150,12,762,429.58961815495013,0.5439589828762118,3.3122430843147184,46.420886679193856,0.2076599825494313,0.3116696211481796,350.0,Gold
A151,12,581,474.08582076845806,0.6201045865472627,3.58622520658444,53.78083948301692,0.10927905444240728,0.2299866830132425,0.0,Bronze
A152,12,621,405.1810326785518,0.5522184230694818,3.2383231923609244,52.22610682924105,0.1404010838355409,0.25188773935012754,150.0,Silver
A153,12,561,413.3535632980802,0.5504308513654279,3.52883813517899,51.05356354898736,0.10611530274928048,0.27875850262587876,150.0,Silver
A154,12,553,539.245992619703,0.6138730778221485,3.40493518392837,57.284752652250276,0.11501013236899969,0.23512467892154243,0.0,Bronze
A155,12,701,418.53071903167336,0.47620550254545974,3.2785930193544117,32.81011278949194,0.24966384543806386,0.31251925781514844,350.0,Gold
A156,12,521,448.45560391547014,0.47773582219217414,2.938733333756914,46.421806242970845,0.102313807932385,0.3028240702400302,0.0,Bronze
A157,12,619,383.97425101518894,0.5209247560907994,3.3925720692597743,40.21673776670166,0.17989640906324128,0.25563023016087094,150.0,Silver
A158,12,566,445.6824570807263,0.542250787971224,3.3023918748989862,52.38517900432547,0.12179522690741203,0.26776375085466886,0.0,Bronze
A159,12,543,510.64474168741646,0.7800872061468784,3.9759186539716724,56.1345662349347,0.035989846292267584,0.20124771718052176,75.0,Bronze
A160,12,447,443.94701474765606,0.6784988258522882,3.8912341600537914,67.69169533139976,0.04999058239576462,0.22985801086624347,150.0,Silver
A161,12,569,420.7225381112407,0.5064180370773188,3.338582319923094,35.622389059981764,0.17489988411975863,0.2949745106973175,150.0,Silver
A162,12,528,385.5696379167109,0.5536354828959577,3.289625927428125,44.99656115151488,0.17014935772437373,0.33666733407699845,150.0,Silver
A163,12,525,503.7431713848621,0.547973239562687,3.513799069801043,44.82628311834528,0.042749493651949674,0.3027418299364913,0.0,Bronze
A164,12,540,419.326112664491,0.5654495248058506,3.0825436457015525,44.91861402799561,0.15078755647776648,0.2993934280223,150.0,Silver
A165,12,498,489.56354071248086,0.5764624775646277,3.3175823294872067,51.4256423980483,0.07400316183057823,0.2644359567403012,0.0,Bronze
A166,12,415,543.2157587802516,0.6299384374901088,3.868953910232521,43.39398543595524,0.09880310540609914,0.2546289807144947,0.0,Bronze
A167,12,623,414.5783476844492,0.5020261199768407,3.2274083988632447,46.78323911980541,0.11937502284745068,0.28625655232349295,150.0,Silver
A168,12,447,530.6219934960451,0.6871981890220271,3.5722872017676335,56.42887586424429,0.0698989374237234,0.24844721735691297,0.0,Bronze
A169,12,511,461.65980159449236,0.5956534454748931,3.468442770481207,50.98420762997375,0.11747945529175968,0.25842662468707145,0.0,Bronze
A170,12,573,444.01687877203767,0.4610759062798626,2.9550739762482308,34.25978761583735,0.18002415611591657,0.3222409699559716,150.0,Silver
A171,12,694,401.0621698950889,0.4599131930622293,3.042576749941871,28.678019140992447,0.25754332946055436,0.3208530618397633,350.0,Gold
A172,12,562,445.5539426585371,0.5389678472059175,3.338614058618021,50.40647562281266,0.09228687532861513,0.2838678546754693,150.0,Silver
A173,12,715,316.71700466975426,0.5605568295089004,3.3938026612950174,56.15991837484654,0.18900880170648665,0.3639229102111129,350.0,Gold
A174,12,500,536.6950255143505,0.5102138778762214,3.2946387041319434,37.611935264278124,0.12257770994424678,0.27591587052466976,0.0,Bronze
A175,12,683,419.8347745555411,0.5361728707352007,3.5609181195224964,44.41405137122175,0.15084429947618488,0.265259505801159,350.0,Gold
A176,12,533,400.8237714936965,0.558042557439077,3.4529554973311773,49.96576996209236,0.1683320082021963,0.29760587942872185,150.0,Silver
A177,12,463,531.4559095550284,0.7870703016756071,4.243123284120026,57.16974249803774,0.04447922811274006,0.16731680935750176,150.0,Silver
A178,12,522,498.94333693197103,0.6520844610041271,3.872780633245453,56.78385999433108,0.11504424509067421,0.23042402475788237,0.0,Bronze
A179,12,608,387.58497817136697,0.4658433005433873,3.0800336897593716,47.79759823281339,0.2379440870671961,0.28107035118197654,150.0,Silver
A180,12,579,423.4316626126226,0.5447533089166403,3.170782003923113,45.9250852200735,0.15824102546643404,0.29684541401542147,150.0,Silver
A181,12,665,354.9857283927478,0.6231140945263874,3.7434961144299446,54.73714855614698,0.17757282017111808,0.2658820795239696,350.0,Gold
A182,12,560,489.3300131143502,0.5338538104800946,3.361341899242939,45.21123933294747,0.17111311245651145,0.2770027140102588,0.0,Bronze
A183,12,496,458.277249268188,0.5532921889342172,3.426827035471917,48.890361535993925,0.13556819106815943,0.30012762508071533,0.0,Bronze
A184,12,595,362.4667587871382,0.5549175628275109,3.256122040905857,46.37468260582516,0.14853096405527,0.22228922445698784,150.0,Silver
A185,12,400,500.42859256832895,0.5723017522214869,3.394315842490348,60.365673812185975,0.03476589781210215,0.2498736970659749,0.0,Bronze
A186,12,523,470.71103963617446,0.5231387010472041,3.442643971058316,43.321861148001425,0.1264532536401847,0.28564514399479046,0.0,Bronze
A187,12,558,443.86477042931665,0.4235728163729722,3.1137940719084174,33.52527871560699,0.1912069123553845,0.2954023985437225,150.0,Silver
A188,12,527,483.916810322103,0.5728178487430053,3.6239762785650504,47.17843734290628,0.11575940237281825,0.2184114693802362,0.0,Bronze
A189,12,602,449.27735104025544,0.4598621226297495,3.2480059092734126,34.22673909476007,0.17072739383004534,0.3068182719969468,0.0,Bronze
A190,12,443,532.8648065776072,0.6146236920253799,3.751290741089606,58.57009380291496,0.051869355897350325,0.27497112580167027,0.0,Bronze
A191,12,684,324.7030758410914,0.5589286859443847,3.409643529376614,41.079010983786894,0.22677184612795026,0.3148917773650414,350.0,Gold
A192,12,691,384.83105466053775,0.5116522418398209,3.207836565586864,42.8122123369254,0.2018022800824327,0.27892046676791044,350.0,Gold
A193,12,589,376.883367542126,0.5172358019243226,3.4321252683443384,45.28853381931999,0.12666242822026433,0.3151021543589188,150.0,Silver
A194,12,436,549.7500707494465,0.649760201886055,3.7118566483099373,65.43250252839884,0.02,0.259192180387848,0.0,Bronze
A195,12,637,361.45839317855143,0.6642616606656847,3.7686859083879254,45.20895078256848,0.11725200220985924,0.270853580963761,350.0,Gold
A196,12,479,499.1888716175645,0.6243165054675222,3.5074821226007353,42.21206087888093,0.07579281507359587,0.23976766690237108,0.0,Bronze
A197,12,749,392.8572925200798,0.4,2.8137671639590165,37.215548618345096,0.2660263122854585,0.28604498514445975,350.0,Gold
A198,12,575,474.4379195264021,0.4954152154672412,3.1772368225019387,39.87948135555393,0.15313129459479016,0.30393948938578585,0.0,Bronze
A199,12,435,476.5364791198942,0.5854192294284855,3.4061476365344383,48.65412248785236,0.1060224470484098,0.23541849599951412,0.0,Bronze
A200,12,560,445.437508095241,0.598439699137562,3.6589345344321917,48.49141463575609,0.14615118787085743,0.23891896707311494,150.0,Silver
